mean_fit_time,std_fit_time,mean_score_time,std_score_time,param_SVMR__C,param_SVMR__cache_size,param_SVMR__class_weight,param_SVMR__gamma,param_SVMR__kernel,param_SVMR__max_iter,params,split0_test_score,split1_test_score,split2_test_score,split3_test_score,split4_test_score,mean_test_score,std_test_score,rank_test_score
0.023166942596435546,0.0006183995820225124,0.0038368701934814453,0.00018185677779083837,0.1,8000,balanced,1e-09,rbf,40000,"{'SVMR__C': 0.1, 'SVMR__cache_size': 8000, 'SVMR__class_weight': 'balanced', 'SVMR__gamma': 1e-09, 'SVMR__kernel': 'rbf', 'SVMR__max_iter': 40000}",0.3333333333333334,0.3333333333333334,0.3333333333333334,0.33333333333333326,0.3333333333333333,0.33333333333333337,7.014000894662208e-17,74
0.023897075653076173,0.002511267407622482,0.0039276123046875,0.0003576459117152553,0.1,8000,balanced,5.179474679231202e-09,rbf,40000,"{'SVMR__C': 0.1, 'SVMR__cache_size': 8000, 'SVMR__class_weight': 'balanced', 'SVMR__gamma': 5.179474679231202e-09, 'SVMR__kernel': 'rbf', 'SVMR__max_iter': 40000}",0.3333333333333334,0.3333333333333334,0.3333333333333334,0.33333333333333326,0.3333333333333333,0.33333333333333337,7.014000894662208e-17,74
0.022925281524658205,0.000394987984443888,0.003674745559692383,0.00016232177024706147,0.1,8000,balanced,2.682695795279727e-08,rbf,40000,"{'SVMR__C': 0.1, 'SVMR__cache_size': 8000, 'SVMR__class_weight': 'balanced', 'SVMR__gamma': 2.682695795279727e-08, 'SVMR__kernel': 'rbf', 'SVMR__max_iter': 40000}",0.3333333333333334,0.3333333333333334,0.3333333333333334,0.33333333333333326,0.3333333333333333,0.33333333333333337,7.014000894662208e-17,74
0.022880697250366212,0.0005619663698904868,0.003915023803710937,0.00016918363806731163,0.1,8000,balanced,1.389495494373136e-07,rbf,40000,"{'SVMR__C': 0.1, 'SVMR__cache_size': 8000, 'SVMR__class_weight': 'balanced', 'SVMR__gamma': 1.389495494373136e-07, 'SVMR__kernel': 'rbf', 'SVMR__max_iter': 40000}",0.3333333333333334,0.3333333333333334,0.3333333333333334,0.33333333333333326,0.3333333333333333,0.33333333333333337,7.014000894662208e-17,74
0.02268662452697754,0.0003227767607111163,0.003790283203125,7.098928306589124e-05,0.1,8000,balanced,7.196856730011529e-07,rbf,40000,"{'SVMR__C': 0.1, 'SVMR__cache_size': 8000, 'SVMR__class_weight': 'balanced', 'SVMR__gamma': 7.196856730011529e-07, 'SVMR__kernel': 'rbf', 'SVMR__max_iter': 40000}",0.3333333333333334,0.3333333333333334,0.3333333333333334,0.33333333333333326,0.3333333333333333,0.33333333333333337,7.014000894662208e-17,74
0.023122835159301757,0.0006727250060983352,0.0038042545318603517,0.00013338426650879288,0.1,8000,balanced,3.727593720314938e-06,rbf,40000,"{'SVMR__C': 0.1, 'SVMR__cache_size': 8000, 'SVMR__class_weight': 'balanced', 'SVMR__gamma': 3.727593720314938e-06, 'SVMR__kernel': 'rbf', 'SVMR__max_iter': 40000}",0.3333333333333334,0.3333333333333334,0.3333333333333334,0.33333333333333326,0.3333333333333333,0.33333333333333337,7.014000894662208e-17,74
0.022781229019165038,0.00032846184793636375,0.003673839569091797,6.513068455692506e-05,0.1,8000,balanced,1.9306977288832496e-05,rbf,40000,"{'SVMR__C': 0.1, 'SVMR__cache_size': 8000, 'SVMR__class_weight': 'balanced', 'SVMR__gamma': 1.9306977288832496e-05, 'SVMR__kernel': 'rbf', 'SVMR__max_iter': 40000}",0.3333333333333334,0.3333333333333334,0.3333333333333334,0.33333333333333326,0.3333333333333333,0.33333333333333337,7.014000894662208e-17,74
0.02272200584411621,0.0002080978218713107,0.003738737106323242,0.00012132798925389577,0.1,8000,balanced,0.0001,rbf,40000,"{'SVMR__C': 0.1, 'SVMR__cache_size': 8000, 'SVMR__class_weight': 'balanced', 'SVMR__gamma': 0.0001, 'SVMR__kernel': 'rbf', 'SVMR__max_iter': 40000}",0.3333333333333334,0.3333333333333334,0.3333333333333334,0.33333333333333326,0.3333333333333333,0.33333333333333337,7.014000894662208e-17,74
0.02328014373779297,0.0010606725060203648,0.004410648345947265,0.0011312397610160464,0.1,8000,balanced,0.0005179474679231213,rbf,40000,"{'SVMR__C': 0.1, 'SVMR__cache_size': 8000, 'SVMR__class_weight': 'balanced', 'SVMR__gamma': 0.0005179474679231213, 'SVMR__kernel': 'rbf', 'SVMR__max_iter': 40000}",0.3333333333333334,0.3333333333333334,0.3333333333333334,0.33333333333333326,0.3333333333333333,0.33333333333333337,7.014000894662208e-17,74
0.023633623123168947,0.0014656522687668582,0.00375981330871582,0.00011466376145327777,0.1,8000,balanced,0.002682695795279727,rbf,40000,"{'SVMR__C': 0.1, 'SVMR__cache_size': 8000, 'SVMR__class_weight': 'balanced', 'SVMR__gamma': 0.002682695795279727, 'SVMR__kernel': 'rbf', 'SVMR__max_iter': 40000}",0.3333333333333334,0.34998029944838466,0.3333333333333334,0.33333333333333326,0.3333333333333333,0.3366756436978489,0.006668454754388598,64
0.022064018249511718,0.0002534362087657788,0.003702402114868164,7.507709821823282e-05,0.1,8000,balanced,0.01389495494373139,rbf,40000,"{'SVMR__C': 0.1, 'SVMR__cache_size': 8000, 'SVMR__class_weight': 'balanced', 'SVMR__gamma': 0.01389495494373139, 'SVMR__kernel': 'rbf', 'SVMR__max_iter': 40000}",0.4837470449172578,0.46282864102013055,0.5088115194498175,0.49304357104418334,0.5267239139713114,0.4949733132331019,0.02173468152645725,31
0.02167048454284668,0.0005058311319228138,0.0038031578063964845,0.00020007018905355927,0.1,8000,balanced,0.07196856730011529,rbf,40000,"{'SVMR__C': 0.1, 'SVMR__cache_size': 8000, 'SVMR__class_weight': 'balanced', 'SVMR__gamma': 0.07196856730011529, 'SVMR__kernel': 'rbf', 'SVMR__max_iter': 40000}",0.4839350956372235,0.45874525395802,0.5522243713733076,0.4835657555345246,0.5529908701219173,0.5062457667313877,0.03891210972857134,24
0.022649765014648438,0.0002630751267050241,0.0036898136138916017,0.00011449836242897889,0.1,8000,balanced,0.3727593720314938,rbf,40000,"{'SVMR__C': 0.1, 'SVMR__cache_size': 8000, 'SVMR__class_weight': 'balanced', 'SVMR__gamma': 0.3727593720314938, 'SVMR__kernel': 'rbf', 'SVMR__max_iter': 40000}",0.44169532201447104,0.4425997564295438,0.4979672612651337,0.4856928130045092,0.4642041975171185,0.4663988278144786,0.022612104541172556,38
0.02371678352355957,0.000641619021496013,0.003818798065185547,0.00021005861571518332,0.1,8000,balanced,1.9306977288832536,rbf,40000,"{'SVMR__C': 0.1, 'SVMR__cache_size': 8000, 'SVMR__class_weight': 'balanced', 'SVMR__gamma': 1.9306977288832536, 'SVMR__kernel': 'rbf', 'SVMR__max_iter': 40000}",0.3491385486066338,0.3219070133963752,0.34535066981875506,0.3764822134387351,0.34025032938076416,0.34658020491280556,0.01759532412288552,63
0.022481918334960938,0.0002488928274405732,0.0038103103637695313,5.267585360793373e-05,0.1,8000,balanced,10.0,rbf,40000,"{'SVMR__C': 0.1, 'SVMR__cache_size': 8000, 'SVMR__class_weight': 'balanced', 'SVMR__gamma': 10.0, 'SVMR__kernel': 'rbf', 'SVMR__max_iter': 40000}",0.3333333333333334,0.3333333333333334,0.3333333333333334,0.33333333333333326,0.3333333333333333,0.33333333333333337,7.014000894662208e-17,74
0.022387027740478516,0.0005515333645919824,0.0037739753723144533,0.00014199193773315735,0.2,8000,balanced,1e-09,rbf,40000,"{'SVMR__C': 0.2, 'SVMR__cache_size': 8000, 'SVMR__class_weight': 'balanced', 'SVMR__gamma': 1e-09, 'SVMR__kernel': 'rbf', 'SVMR__max_iter': 40000}",0.3333333333333334,0.3333333333333334,0.3333333333333334,0.33333333333333326,0.3333333333333333,0.33333333333333337,7.014000894662208e-17,74
0.02351679801940918,0.0011146664231239509,0.0044036865234375,0.0011558210845280424,0.2,8000,balanced,5.179474679231202e-09,rbf,40000,"{'SVMR__C': 0.2, 'SVMR__cache_size': 8000, 'SVMR__class_weight': 'balanced', 'SVMR__gamma': 5.179474679231202e-09, 'SVMR__kernel': 'rbf', 'SVMR__max_iter': 40000}",0.3333333333333334,0.3333333333333334,0.3333333333333334,0.33333333333333326,0.3333333333333333,0.33333333333333337,7.014000894662208e-17,74
0.025191402435302733,0.0010420769253905169,0.004228401184082031,0.00037360233642807356,0.2,8000,balanced,2.682695795279727e-08,rbf,40000,"{'SVMR__C': 0.2, 'SVMR__cache_size': 8000, 'SVMR__class_weight': 'balanced', 'SVMR__gamma': 2.682695795279727e-08, 'SVMR__kernel': 'rbf', 'SVMR__max_iter': 40000}",0.3333333333333334,0.3333333333333334,0.3333333333333334,0.33333333333333326,0.3333333333333333,0.33333333333333337,7.014000894662208e-17,74
0.02249598503112793,0.00020469853337763168,0.00373382568359375,0.00017465598043998954,0.2,8000,balanced,1.389495494373136e-07,rbf,40000,"{'SVMR__C': 0.2, 'SVMR__cache_size': 8000, 'SVMR__class_weight': 'balanced', 'SVMR__gamma': 1.389495494373136e-07, 'SVMR__kernel': 'rbf', 'SVMR__max_iter': 40000}",0.3333333333333334,0.3333333333333334,0.3333333333333334,0.33333333333333326,0.3333333333333333,0.33333333333333337,7.014000894662208e-17,74
0.02295346260070801,0.00020696251018040605,0.0038424015045166017,0.00011102909278360378,0.2,8000,balanced,7.196856730011529e-07,rbf,40000,"{'SVMR__C': 0.2, 'SVMR__cache_size': 8000, 'SVMR__class_weight': 'balanced', 'SVMR__gamma': 7.196856730011529e-07, 'SVMR__kernel': 'rbf', 'SVMR__max_iter': 40000}",0.3333333333333334,0.3333333333333334,0.3333333333333334,0.33333333333333326,0.3333333333333333,0.33333333333333337,7.014000894662208e-17,74
0.023176813125610353,0.00053402003513663,0.003829813003540039,0.00015599657485911486,0.2,8000,balanced,3.727593720314938e-06,rbf,40000,"{'SVMR__C': 0.2, 'SVMR__cache_size': 8000, 'SVMR__class_weight': 'balanced', 'SVMR__gamma': 3.727593720314938e-06, 'SVMR__kernel': 'rbf', 'SVMR__max_iter': 40000}",0.3333333333333334,0.3333333333333334,0.3333333333333334,0.33333333333333326,0.3333333333333333,0.33333333333333337,7.014000894662208e-17,74
0.023068332672119142,0.0007681194469538297,0.003783416748046875,0.00017191744619851377,0.2,8000,balanced,1.9306977288832496e-05,rbf,40000,"{'SVMR__C': 0.2, 'SVMR__cache_size': 8000, 'SVMR__class_weight': 'balanced', 'SVMR__gamma': 1.9306977288832496e-05, 'SVMR__kernel': 'rbf', 'SVMR__max_iter': 40000}",0.3333333333333334,0.3333333333333334,0.3333333333333334,0.33333333333333326,0.3333333333333333,0.33333333333333337,7.014000894662208e-17,74
0.022646236419677734,0.00041790960140876323,0.003925037384033203,0.0001954435280598626,0.2,8000,balanced,0.0001,rbf,40000,"{'SVMR__C': 0.2, 'SVMR__cache_size': 8000, 'SVMR__class_weight': 'balanced', 'SVMR__gamma': 0.0001, 'SVMR__kernel': 'rbf', 'SVMR__max_iter': 40000}",0.3333333333333334,0.3333333333333334,0.3333333333333334,0.33333333333333326,0.3333333333333333,0.33333333333333337,7.014000894662208e-17,74
0.02404780387878418,0.002072615662523165,0.0038834095001220705,0.0002841698792302587,0.2,8000,balanced,0.0005179474679231213,rbf,40000,"{'SVMR__C': 0.2, 'SVMR__cache_size': 8000, 'SVMR__class_weight': 'balanced', 'SVMR__gamma': 0.0005179474679231213, 'SVMR__kernel': 'rbf', 'SVMR__max_iter': 40000}",0.3333333333333334,0.3333333333333334,0.3333333333333334,0.33333333333333326,0.3333333333333333,0.33333333333333337,7.014000894662208e-17,74
0.02291097640991211,0.0007908829874511995,0.00371551513671875,0.00014962204829766816,0.2,8000,balanced,0.002682695795279727,rbf,40000,"{'SVMR__C': 0.2, 'SVMR__cache_size': 8000, 'SVMR__class_weight': 'balanced', 'SVMR__gamma': 0.002682695795279727, 'SVMR__kernel': 'rbf', 'SVMR__max_iter': 40000}",0.455360340998639,0.4179651121140484,0.4567304248155314,0.4490364452856797,0.5062814303475663,0.45699488965660207,0.028319535802984484,41
0.021185684204101562,0.00023296535121779716,0.003560972213745117,0.00014229849862529902,0.2,8000,balanced,0.01389495494373139,rbf,40000,"{'SVMR__C': 0.2, 'SVMR__cache_size': 8000, 'SVMR__class_weight': 'balanced', 'SVMR__gamma': 0.01389495494373139, 'SVMR__kernel': 'rbf', 'SVMR__max_iter': 40000}",0.4710133247367291,0.45074862096138707,0.5248047854430835,0.5076175100669895,0.5342208057302974,0.4975908516825142,0.03190353678813592,29
0.020854759216308593,0.0005464589907741805,0.0035926342010498048,7.619114745271714e-05,0.2,8000,balanced,0.07196856730011529,rbf,40000,"{'SVMR__C': 0.2, 'SVMR__cache_size': 8000, 'SVMR__class_weight': 'balanced', 'SVMR__gamma': 0.07196856730011529, 'SVMR__kernel': 'rbf', 'SVMR__max_iter': 40000}",0.506725051937818,0.4666792033813312,0.5614836306325669,0.47508304106589466,0.5580150865668319,0.5135857502974919,0.03998857239401545,15
0.02289104461669922,0.0013929802777301425,0.0037051677703857423,0.0001652892989961932,0.2,8000,balanced,0.3727593720314938,rbf,40000,"{'SVMR__C': 0.2, 'SVMR__cache_size': 8000, 'SVMR__class_weight': 'balanced', 'SVMR__gamma': 0.3727593720314938, 'SVMR__kernel': 'rbf', 'SVMR__max_iter': 40000}",0.50678773551114,0.46579267855863615,0.5458664660792321,0.4842964241310842,0.49401547625675,0.49939131306532564,0.02687656289875677,27
0.023573970794677733,0.0008378933318749217,0.003881978988647461,7.020095689238332e-05,0.2,8000,balanced,1.9306977288832536,rbf,40000,"{'SVMR__C': 0.2, 'SVMR__cache_size': 8000, 'SVMR__class_weight': 'balanced', 'SVMR__gamma': 1.9306977288832536, 'SVMR__kernel': 'rbf', 'SVMR__max_iter': 40000}",0.4171323160684864,0.38665914463786816,0.3900082384124938,0.39863886878583754,0.40012572139026514,0.3985094846786641,0.01062352117751546,52
0.02288498878479004,0.00030124459097497695,0.003811168670654297,0.00019409553290691082,0.2,8000,balanced,10.0,rbf,40000,"{'SVMR__C': 0.2, 'SVMR__cache_size': 8000, 'SVMR__class_weight': 'balanced', 'SVMR__gamma': 10.0, 'SVMR__kernel': 'rbf', 'SVMR__max_iter': 40000}",0.3289992119779355,0.33495415144351326,0.338742030231392,0.33333333333333326,0.3405797101449275,0.33531534471307617,0.0040847221468561625,65
0.022519350051879883,0.00038920835172588083,0.004171037673950195,0.0007668225681326282,0.30000000000000004,8000,balanced,1e-09,rbf,40000,"{'SVMR__C': 0.30000000000000004, 'SVMR__cache_size': 8000, 'SVMR__class_weight': 'balanced', 'SVMR__gamma': 1e-09, 'SVMR__kernel': 'rbf', 'SVMR__max_iter': 40000}",0.3333333333333334,0.3333333333333334,0.3333333333333334,0.33333333333333326,0.3333333333333333,0.33333333333333337,7.014000894662208e-17,74
0.02384476661682129,0.0020807849204211946,0.00402374267578125,0.00026894898248757754,0.30000000000000004,8000,balanced,5.179474679231202e-09,rbf,40000,"{'SVMR__C': 0.30000000000000004, 'SVMR__cache_size': 8000, 'SVMR__class_weight': 'balanced', 'SVMR__gamma': 5.179474679231202e-09, 'SVMR__kernel': 'rbf', 'SVMR__max_iter': 40000}",0.3333333333333334,0.3333333333333334,0.3333333333333334,0.33333333333333326,0.3333333333333333,0.33333333333333337,7.014000894662208e-17,74
0.02284584045410156,0.0002197466471055864,0.003839731216430664,0.00014606005523334963,0.30000000000000004,8000,balanced,2.682695795279727e-08,rbf,40000,"{'SVMR__C': 0.30000000000000004, 'SVMR__cache_size': 8000, 'SVMR__class_weight': 'balanced', 'SVMR__gamma': 2.682695795279727e-08, 'SVMR__kernel': 'rbf', 'SVMR__max_iter': 40000}",0.3333333333333334,0.3333333333333334,0.3333333333333334,0.33333333333333326,0.3333333333333333,0.33333333333333337,7.014000894662208e-17,74
0.024121856689453124,0.001355066869237434,0.003935575485229492,0.0001721818636134022,0.30000000000000004,8000,balanced,1.389495494373136e-07,rbf,40000,"{'SVMR__C': 0.30000000000000004, 'SVMR__cache_size': 8000, 'SVMR__class_weight': 'balanced', 'SVMR__gamma': 1.389495494373136e-07, 'SVMR__kernel': 'rbf', 'SVMR__max_iter': 40000}",0.3333333333333334,0.3333333333333334,0.3333333333333334,0.33333333333333326,0.3333333333333333,0.33333333333333337,7.014000894662208e-17,74
0.022489023208618165,0.00020602590255477742,0.0036609649658203127,5.3064370617237595e-05,0.30000000000000004,8000,balanced,7.196856730011529e-07,rbf,40000,"{'SVMR__C': 0.30000000000000004, 'SVMR__cache_size': 8000, 'SVMR__class_weight': 'balanced', 'SVMR__gamma': 7.196856730011529e-07, 'SVMR__kernel': 'rbf', 'SVMR__max_iter': 40000}",0.3333333333333334,0.3333333333333334,0.3333333333333334,0.33333333333333326,0.3333333333333333,0.33333333333333337,7.014000894662208e-17,74
0.023511266708374022,0.001070522344212094,0.003880882263183594,0.0003061983960800041,0.30000000000000004,8000,balanced,3.727593720314938e-06,rbf,40000,"{'SVMR__C': 0.30000000000000004, 'SVMR__cache_size': 8000, 'SVMR__class_weight': 'balanced', 'SVMR__gamma': 3.727593720314938e-06, 'SVMR__kernel': 'rbf', 'SVMR__max_iter': 40000}",0.3333333333333334,0.3333333333333334,0.3333333333333334,0.33333333333333326,0.3333333333333333,0.33333333333333337,7.014000894662208e-17,74
0.022842550277709962,0.0004758976884529938,0.0037530899047851563,0.00016824728668768686,0.30000000000000004,8000,balanced,1.9306977288832496e-05,rbf,40000,"{'SVMR__C': 0.30000000000000004, 'SVMR__cache_size': 8000, 'SVMR__class_weight': 'balanced', 'SVMR__gamma': 1.9306977288832496e-05, 'SVMR__kernel': 'rbf', 'SVMR__max_iter': 40000}",0.3333333333333334,0.3333333333333334,0.3333333333333334,0.33333333333333326,0.3333333333333333,0.33333333333333337,7.014000894662208e-17,74
0.0228574275970459,0.0003281447330565387,0.0037826061248779296,0.0001873528693065041,0.30000000000000004,8000,balanced,0.0001,rbf,40000,"{'SVMR__C': 0.30000000000000004, 'SVMR__cache_size': 8000, 'SVMR__class_weight': 'balanced', 'SVMR__gamma': 0.0001, 'SVMR__kernel': 'rbf', 'SVMR__max_iter': 40000}",0.3333333333333334,0.3333333333333334,0.3333333333333334,0.33333333333333326,0.3333333333333333,0.33333333333333337,7.014000894662208e-17,74
0.024032974243164064,0.00238312690872053,0.004103565216064453,0.0004004513998616551,0.30000000000000004,8000,balanced,0.0005179474679231213,rbf,40000,"{'SVMR__C': 0.30000000000000004, 'SVMR__cache_size': 8000, 'SVMR__class_weight': 'balanced', 'SVMR__gamma': 0.0005179474679231213, 'SVMR__kernel': 'rbf', 'SVMR__max_iter': 40000}",0.3333333333333334,0.3333333333333334,0.3333333333333334,0.33333333333333326,0.3333333333333333,0.33333333333333337,7.014000894662208e-17,74
0.02250518798828125,0.0005132515469607214,0.003792285919189453,0.00010960856935099613,0.30000000000000004,8000,balanced,0.002682695795279727,rbf,40000,"{'SVMR__C': 0.30000000000000004, 'SVMR__cache_size': 8000, 'SVMR__class_weight': 'balanced', 'SVMR__gamma': 0.002682695795279727, 'SVMR__kernel': 'rbf', 'SVMR__max_iter': 40000}",0.48355899419729226,0.4311376173078302,0.517945411562433,0.46487455695967633,0.5124793557126687,0.48197327921708505,0.031974050058075666,37
0.020594263076782228,0.0001888346550294639,0.003508186340332031,7.041330172393187e-05,0.30000000000000004,8000,balanced,0.01389495494373139,rbf,40000,"{'SVMR__C': 0.30000000000000004, 'SVMR__cache_size': 8000, 'SVMR__class_weight': 'balanced', 'SVMR__gamma': 0.01389495494373139, 'SVMR__kernel': 'rbf', 'SVMR__max_iter': 40000}",0.4714968837309264,0.47431764453041064,0.5399563005945985,0.5067105531741171,0.5582632819313774,0.5100622674779874,0.03462311392114385,20
0.02029876708984375,0.0005217536496735158,0.0034813880920410156,7.2373922263604e-05,0.30000000000000004,8000,balanced,0.07196856730011529,rbf,40000,"{'SVMR__C': 0.30000000000000004, 'SVMR__cache_size': 8000, 'SVMR__class_weight': 'balanced', 'SVMR__gamma': 0.07196856730011529, 'SVMR__kernel': 'rbf', 'SVMR__max_iter': 40000}",0.529326957518447,0.4721505838527117,0.5699011390500752,0.5068706043905064,0.562709922247583,0.5281662413268707,0.03615805836325567,8
0.022501039505004882,0.000979648339564019,0.0038756370544433595,0.00024350783738003091,0.30000000000000004,8000,balanced,0.3727593720314938,rbf,40000,"{'SVMR__C': 0.30000000000000004, 'SVMR__cache_size': 8000, 'SVMR__class_weight': 'balanced', 'SVMR__gamma': 0.3727593720314938, 'SVMR__kernel': 'rbf', 'SVMR__max_iter': 40000}",0.5238555770470665,0.4805233182892759,0.5620925567734079,0.4814155022360778,0.5029157156376998,0.5102303494188581,0.030499437445426977,19
0.022932767868041992,0.0005534933194979429,0.0036388397216796874,6.765017004418254e-05,0.30000000000000004,8000,balanced,1.9306977288832536,rbf,40000,"{'SVMR__C': 0.30000000000000004, 'SVMR__cache_size': 8000, 'SVMR__class_weight': 'balanced', 'SVMR__gamma': 1.9306977288832536, 'SVMR__kernel': 'rbf', 'SVMR__max_iter': 40000}",0.434979224872842,0.37655813453685805,0.41471452109749996,0.44698129488392807,0.433815342648778,0.4213360329381136,0.024707859254256438,49
0.022810840606689455,0.0005485484720872824,0.0037219047546386717,0.00014780785914549633,0.30000000000000004,8000,balanced,10.0,rbf,40000,"{'SVMR__C': 0.30000000000000004, 'SVMR__cache_size': 8000, 'SVMR__class_weight': 'balanced', 'SVMR__gamma': 10.0, 'SVMR__kernel': 'rbf', 'SVMR__max_iter': 40000}",0.3647109391790244,0.35677698975571326,0.32232788881725055,0.4110695132587355,0.34527454582567874,0.3599615968835756,0.029209204087803788,62
0.023205280303955078,0.0019126143545944753,0.004273128509521484,0.0009209064991706904,0.4,8000,balanced,1e-09,rbf,40000,"{'SVMR__C': 0.4, 'SVMR__cache_size': 8000, 'SVMR__class_weight': 'balanced', 'SVMR__gamma': 1e-09, 'SVMR__kernel': 'rbf', 'SVMR__max_iter': 40000}",0.3333333333333334,0.3333333333333334,0.3333333333333334,0.33333333333333326,0.3333333333333333,0.33333333333333337,7.014000894662208e-17,74
0.022441339492797852,0.0005899830718804109,0.003731060028076172,8.977305168551276e-05,0.4,8000,balanced,5.179474679231202e-09,rbf,40000,"{'SVMR__C': 0.4, 'SVMR__cache_size': 8000, 'SVMR__class_weight': 'balanced', 'SVMR__gamma': 5.179474679231202e-09, 'SVMR__kernel': 'rbf', 'SVMR__max_iter': 40000}",0.3333333333333334,0.3333333333333334,0.3333333333333334,0.33333333333333326,0.3333333333333333,0.33333333333333337,7.014000894662208e-17,74
0.02264547348022461,0.0002356070204009157,0.0036353588104248045,9.525643087735617e-05,0.4,8000,balanced,2.682695795279727e-08,rbf,40000,"{'SVMR__C': 0.4, 'SVMR__cache_size': 8000, 'SVMR__class_weight': 'balanced', 'SVMR__gamma': 2.682695795279727e-08, 'SVMR__kernel': 'rbf', 'SVMR__max_iter': 40000}",0.3333333333333334,0.3333333333333334,0.3333333333333334,0.33333333333333326,0.3333333333333333,0.33333333333333337,7.014000894662208e-17,74
0.022540903091430663,0.0002052798974472988,0.0037021636962890625,0.00015090347951882336,0.4,8000,balanced,1.389495494373136e-07,rbf,40000,"{'SVMR__C': 0.4, 'SVMR__cache_size': 8000, 'SVMR__class_weight': 'balanced', 'SVMR__gamma': 1.389495494373136e-07, 'SVMR__kernel': 'rbf', 'SVMR__max_iter': 40000}",0.3333333333333334,0.3333333333333334,0.3333333333333334,0.33333333333333326,0.3333333333333333,0.33333333333333337,7.014000894662208e-17,74
0.02273721694946289,0.0003073746248435578,0.0036762714385986327,4.5479267318471344e-05,0.4,8000,balanced,7.196856730011529e-07,rbf,40000,"{'SVMR__C': 0.4, 'SVMR__cache_size': 8000, 'SVMR__class_weight': 'balanced', 'SVMR__gamma': 7.196856730011529e-07, 'SVMR__kernel': 'rbf', 'SVMR__max_iter': 40000}",0.3333333333333334,0.3333333333333334,0.3333333333333334,0.33333333333333326,0.3333333333333333,0.33333333333333337,7.014000894662208e-17,74
0.023442935943603516,0.0010158494142755703,0.003985881805419922,0.00022793599238969675,0.4,8000,balanced,3.727593720314938e-06,rbf,40000,"{'SVMR__C': 0.4, 'SVMR__cache_size': 8000, 'SVMR__class_weight': 'balanced', 'SVMR__gamma': 3.727593720314938e-06, 'SVMR__kernel': 'rbf', 'SVMR__max_iter': 40000}",0.3333333333333334,0.3333333333333334,0.3333333333333334,0.33333333333333326,0.3333333333333333,0.33333333333333337,7.014000894662208e-17,74
0.022539710998535155,0.0003264634392993871,0.003688478469848633,0.00010372097152670834,0.4,8000,balanced,1.9306977288832496e-05,rbf,40000,"{'SVMR__C': 0.4, 'SVMR__cache_size': 8000, 'SVMR__class_weight': 'balanced', 'SVMR__gamma': 1.9306977288832496e-05, 'SVMR__kernel': 'rbf', 'SVMR__max_iter': 40000}",0.3333333333333334,0.3333333333333334,0.3333333333333334,0.33333333333333326,0.3333333333333333,0.33333333333333337,7.014000894662208e-17,74
0.02283177375793457,0.0005137685628781078,0.003705549240112305,0.00015475231140506658,0.4,8000,balanced,0.0001,rbf,40000,"{'SVMR__C': 0.4, 'SVMR__cache_size': 8000, 'SVMR__class_weight': 'balanced', 'SVMR__gamma': 0.0001, 'SVMR__kernel': 'rbf', 'SVMR__max_iter': 40000}",0.3333333333333334,0.3333333333333334,0.3333333333333334,0.33333333333333326,0.3333333333333333,0.33333333333333337,7.014000894662208e-17,74
0.023866033554077147,0.0012423127588464932,0.004216384887695312,0.0008448369721352521,0.4,8000,balanced,0.0005179474679231213,rbf,40000,"{'SVMR__C': 0.4, 'SVMR__cache_size': 8000, 'SVMR__class_weight': 'balanced', 'SVMR__gamma': 0.0005179474679231213, 'SVMR__kernel': 'rbf', 'SVMR__max_iter': 40000}",0.3333333333333334,0.3333333333333334,0.3333333333333334,0.33333333333333326,0.3333333333333333,0.33333333333333337,7.014000894662208e-17,74
0.022402429580688478,0.0008417369957737126,0.003688192367553711,0.00015586592316839496,0.4,8000,balanced,0.002682695795279727,rbf,40000,"{'SVMR__C': 0.4, 'SVMR__cache_size': 8000, 'SVMR__class_weight': 'balanced', 'SVMR__gamma': 0.002682695795279727, 'SVMR__kernel': 'rbf', 'SVMR__max_iter': 40000}",0.4710580987176734,0.4308421090335985,0.5159037180313777,0.47986602089480224,0.5276308708641839,0.4849876580481092,0.034442272813299216,36
0.020493268966674805,0.0005485401488519198,0.0034991741180419923,9.523962516800607e-05,0.4,8000,balanced,0.01389495494373139,rbf,40000,"{'SVMR__C': 0.4, 'SVMR__cache_size': 8000, 'SVMR__class_weight': 'balanced', 'SVMR__gamma': 0.01389495494373139, 'SVMR__kernel': 'rbf', 'SVMR__max_iter': 40000}",0.4874901497241924,0.47383408553621337,0.548373809012107,0.5218620683256323,0.5463220694390322,0.5155046007819267,0.03033140643878533,9
0.02017674446105957,0.0003134053929393476,0.003478860855102539,0.00011022847708866246,0.4,8000,balanced,0.07196856730011529,rbf,40000,"{'SVMR__C': 0.4, 'SVMR__cache_size': 8000, 'SVMR__class_weight': 'balanced', 'SVMR__gamma': 0.07196856730011529, 'SVMR__kernel': 'rbf', 'SVMR__max_iter': 40000}",0.5255390787305683,0.5007074288989184,0.5581793108388854,0.5220221195420215,0.5711926367162129,0.5354851304130853,0.025605922973953487,7
0.022133684158325194,0.0006888905487007887,0.0038605213165283205,0.0003774854310523697,0.4,8000,balanced,0.3727593720314938,rbf,40000,"{'SVMR__C': 0.4, 'SVMR__cache_size': 8000, 'SVMR__class_weight': 'balanced', 'SVMR__gamma': 0.3727593720314938, 'SVMR__kernel': 'rbf', 'SVMR__max_iter': 40000}",0.528547890250018,0.46572999498531426,0.5754978866680994,0.4870172948097014,0.5119760062350387,0.5138091285142407,0.03761882078411545,13
0.023202800750732423,0.000508487407773501,0.0036983489990234375,9.761871048506127e-05,0.4,8000,balanced,1.9306977288832536,rbf,40000,"{'SVMR__C': 0.4, 'SVMR__cache_size': 8000, 'SVMR__class_weight': 'balanced', 'SVMR__gamma': 1.9306977288832536, 'SVMR__kernel': 'rbf', 'SVMR__max_iter': 40000}",0.46292714377820776,0.38996346443154967,0.4389999283616306,0.4531606635862606,0.45267355118855424,0.43949306993124576,0.025971754272727843,48
0.023083829879760744,0.0005826854002639783,0.0037260055541992188,7.620180049188043e-05,0.4,8000,balanced,10.0,rbf,40000,"{'SVMR__C': 0.4, 'SVMR__cache_size': 8000, 'SVMR__class_weight': 'balanced', 'SVMR__gamma': 10.0, 'SVMR__kernel': 'rbf', 'SVMR__max_iter': 40000}",0.3689196933877785,0.3740328820116055,0.34612973708718403,0.40769915938317647,0.3810981833027148,0.37550290391399355,0.019867046504136922,60
0.02343902587890625,0.0020052946871854274,0.0038795948028564455,0.0002578141441036537,0.5,8000,balanced,1e-09,rbf,40000,"{'SVMR__C': 0.5, 'SVMR__cache_size': 8000, 'SVMR__class_weight': 'balanced', 'SVMR__gamma': 1e-09, 'SVMR__kernel': 'rbf', 'SVMR__max_iter': 40000}",0.3333333333333334,0.3333333333333334,0.3333333333333334,0.33333333333333326,0.3333333333333333,0.33333333333333337,7.014000894662208e-17,74
0.022489356994628906,0.0005394736423359035,0.0037209510803222655,9.390404411552973e-05,0.5,8000,balanced,5.179474679231202e-09,rbf,40000,"{'SVMR__C': 0.5, 'SVMR__cache_size': 8000, 'SVMR__class_weight': 'balanced', 'SVMR__gamma': 5.179474679231202e-09, 'SVMR__kernel': 'rbf', 'SVMR__max_iter': 40000}",0.3333333333333334,0.3333333333333334,0.3333333333333334,0.33333333333333326,0.3333333333333333,0.33333333333333337,7.014000894662208e-17,74
0.022864484786987306,0.0006024752032447874,0.0037563800811767577,9.984674057675516e-05,0.5,8000,balanced,2.682695795279727e-08,rbf,40000,"{'SVMR__C': 0.5, 'SVMR__cache_size': 8000, 'SVMR__class_weight': 'balanced', 'SVMR__gamma': 2.682695795279727e-08, 'SVMR__kernel': 'rbf', 'SVMR__max_iter': 40000}",0.3333333333333334,0.3333333333333334,0.3333333333333334,0.33333333333333326,0.3333333333333333,0.33333333333333337,7.014000894662208e-17,74
0.022670888900756837,0.0003633367293260851,0.0038197517395019533,0.00018470189917964798,0.5,8000,balanced,1.389495494373136e-07,rbf,40000,"{'SVMR__C': 0.5, 'SVMR__cache_size': 8000, 'SVMR__class_weight': 'balanced', 'SVMR__gamma': 1.389495494373136e-07, 'SVMR__kernel': 'rbf', 'SVMR__max_iter': 40000}",0.3333333333333334,0.3333333333333334,0.3333333333333334,0.33333333333333326,0.3333333333333333,0.33333333333333337,7.014000894662208e-17,74
0.022990942001342773,0.0008796087245888359,0.003717803955078125,0.0001480096394241005,0.5,8000,balanced,7.196856730011529e-07,rbf,40000,"{'SVMR__C': 0.5, 'SVMR__cache_size': 8000, 'SVMR__class_weight': 'balanced', 'SVMR__gamma': 7.196856730011529e-07, 'SVMR__kernel': 'rbf', 'SVMR__max_iter': 40000}",0.3333333333333334,0.3333333333333334,0.3333333333333334,0.33333333333333326,0.3333333333333333,0.33333333333333337,7.014000894662208e-17,74
0.023397350311279298,0.0012370766308403324,0.00384521484375,0.00018993071076492054,0.5,8000,balanced,3.727593720314938e-06,rbf,40000,"{'SVMR__C': 0.5, 'SVMR__cache_size': 8000, 'SVMR__class_weight': 'balanced', 'SVMR__gamma': 3.727593720314938e-06, 'SVMR__kernel': 'rbf', 'SVMR__max_iter': 40000}",0.3333333333333334,0.3333333333333334,0.3333333333333334,0.33333333333333326,0.3333333333333333,0.33333333333333337,7.014000894662208e-17,74
0.022608184814453126,0.0003056866348667319,0.0036362171173095702,4.204844043085426e-05,0.5,8000,balanced,1.9306977288832496e-05,rbf,40000,"{'SVMR__C': 0.5, 'SVMR__cache_size': 8000, 'SVMR__class_weight': 'balanced', 'SVMR__gamma': 1.9306977288832496e-05, 'SVMR__kernel': 'rbf', 'SVMR__max_iter': 40000}",0.3333333333333334,0.3333333333333334,0.3333333333333334,0.33333333333333326,0.3333333333333333,0.33333333333333337,7.014000894662208e-17,74
0.022849178314208983,0.0003534094159613733,0.0037466049194335937,0.00010526179997324264,0.5,8000,balanced,0.0001,rbf,40000,"{'SVMR__C': 0.5, 'SVMR__cache_size': 8000, 'SVMR__class_weight': 'balanced', 'SVMR__gamma': 0.0001, 'SVMR__kernel': 'rbf', 'SVMR__max_iter': 40000}",0.3333333333333334,0.3333333333333334,0.3333333333333334,0.33333333333333326,0.3333333333333333,0.33333333333333337,7.014000894662208e-17,74
0.024027585983276367,0.002336904067861013,0.003881549835205078,0.00026469808330633455,0.5,8000,balanced,0.0005179474679231213,rbf,40000,"{'SVMR__C': 0.5, 'SVMR__cache_size': 8000, 'SVMR__class_weight': 'balanced', 'SVMR__gamma': 0.0005179474679231213, 'SVMR__kernel': 'rbf', 'SVMR__max_iter': 40000}",0.3333333333333334,0.34998029944838466,0.32870370370370383,0.44664031620553357,0.4066205533596838,0.37284778556096204,0.046035357646357015,61
0.021890020370483397,0.00034172439711463394,0.0037929058074951173,0.00018990494656189664,0.5,8000,balanced,0.002682695795279727,rbf,40000,"{'SVMR__C': 0.5, 'SVMR__cache_size': 8000, 'SVMR__class_weight': 'balanced', 'SVMR__gamma': 0.002682695795279727, 'SVMR__kernel': 'rbf', 'SVMR__max_iter': 40000}",0.4782756644458773,0.44599362418511374,0.5134411490794472,0.4968314498320622,0.5361135853328137,0.4940444159213,0.03069978940058238,33
0.020115470886230467,0.0002833712324623254,0.0035553455352783205,7.782610582729651e-05,0.5,8000,balanced,0.01389495494373139,rbf,40000,"{'SVMR__C': 0.5, 'SVMR__cache_size': 8000, 'SVMR__class_weight': 'balanced', 'SVMR__gamma': 0.01389495494373139, 'SVMR__kernel': 'rbf', 'SVMR__max_iter': 40000}",0.5067877355111399,0.4612705064832726,0.5458485564868545,0.5180741895377535,0.532736272708716,0.5128951038274961,0.029055376545481664,16
0.019984054565429687,0.00035354835054130423,0.003454923629760742,9.92599283041177e-05,0.5,8000,balanced,0.07196856730011529,rbf,40000,"{'SVMR__C': 0.5, 'SVMR__cache_size': 8000, 'SVMR__class_weight': 'balanced', 'SVMR__gamma': 0.07196856730011529, 'SVMR__kernel': 'rbf', 'SVMR__max_iter': 40000}",0.5255390787305683,0.5133963750985029,0.565755068414643,0.5292684963536157,0.5775320566349348,0.5422551420631443,0.024802618732303442,3
0.02257504463195801,0.000424194818348919,0.0038058280944824217,0.00019409442002395216,0.5,8000,balanced,0.3727593720314938,rbf,40000,"{'SVMR__C': 0.5, 'SVMR__cache_size': 8000, 'SVMR__class_weight': 'balanced', 'SVMR__gamma': 0.3727593720314938, 'SVMR__kernel': 'rbf', 'SVMR__max_iter': 40000}",0.5247600114621392,0.4507665305537647,0.5746561358263487,0.4806778748909796,0.5163414611516265,0.509482811059244,0.04202613560073504,21
0.023459672927856445,0.0004704607442243638,0.0037262439727783203,0.00016678261512032398,0.5,8000,balanced,1.9306977288832536,rbf,40000,"{'SVMR__C': 0.5, 'SVMR__cache_size': 8000, 'SVMR__class_weight': 'balanced', 'SVMR__gamma': 1.9306977288832536, 'SVMR__kernel': 'rbf', 'SVMR__max_iter': 40000}",0.44217888100866837,0.3840712085392938,0.43965362848341577,0.45373823971496957,0.4787781365399247,0.43958091829752527,0.031070266798610854,47
0.023337507247924806,0.0005705506063369403,0.003708028793334961,7.654233077323125e-05,0.5,8000,balanced,10.0,rbf,40000,"{'SVMR__C': 0.5, 'SVMR__cache_size': 8000, 'SVMR__class_weight': 'balanced', 'SVMR__gamma': 10.0, 'SVMR__kernel': 'rbf', 'SVMR__max_iter': 40000}",0.3713822623397092,0.3852711512285981,0.3489504978866682,0.3925476442316613,0.3907360500287629,0.3777237313235372,0.016220175060141808,59
0.023322677612304686,0.002640080582765801,0.0039787769317626955,0.00040935775459897885,0.6,8000,balanced,1e-09,rbf,40000,"{'SVMR__C': 0.6, 'SVMR__cache_size': 8000, 'SVMR__class_weight': 'balanced', 'SVMR__gamma': 1e-09, 'SVMR__kernel': 'rbf', 'SVMR__max_iter': 40000}",0.3333333333333334,0.3333333333333334,0.3333333333333334,0.33333333333333326,0.3333333333333333,0.33333333333333337,7.014000894662208e-17,74
0.02250666618347168,0.00040638795866828145,0.0037799358367919924,0.0002525639208889524,0.6,8000,balanced,5.179474679231202e-09,rbf,40000,"{'SVMR__C': 0.6, 'SVMR__cache_size': 8000, 'SVMR__class_weight': 'balanced', 'SVMR__gamma': 5.179474679231202e-09, 'SVMR__kernel': 'rbf', 'SVMR__max_iter': 40000}",0.3333333333333334,0.3333333333333334,0.3333333333333334,0.33333333333333326,0.3333333333333333,0.33333333333333337,7.014000894662208e-17,74
0.02339625358581543,0.0010428104321460329,0.003929853439331055,0.00027675782294606083,0.6,8000,balanced,2.682695795279727e-08,rbf,40000,"{'SVMR__C': 0.6, 'SVMR__cache_size': 8000, 'SVMR__class_weight': 'balanced', 'SVMR__gamma': 2.682695795279727e-08, 'SVMR__kernel': 'rbf', 'SVMR__max_iter': 40000}",0.3333333333333334,0.3333333333333334,0.3333333333333334,0.33333333333333326,0.3333333333333333,0.33333333333333337,7.014000894662208e-17,74
0.022851037979125976,0.0002975095671100649,0.0037371635437011717,7.9854693255031e-05,0.6,8000,balanced,1.389495494373136e-07,rbf,40000,"{'SVMR__C': 0.6, 'SVMR__cache_size': 8000, 'SVMR__class_weight': 'balanced', 'SVMR__gamma': 1.389495494373136e-07, 'SVMR__kernel': 'rbf', 'SVMR__max_iter': 40000}",0.3333333333333334,0.3333333333333334,0.3333333333333334,0.33333333333333326,0.3333333333333333,0.33333333333333337,7.014000894662208e-17,74
0.02280702590942383,0.0006461441483611325,0.003703927993774414,8.925158668206556e-05,0.6,8000,balanced,7.196856730011529e-07,rbf,40000,"{'SVMR__C': 0.6, 'SVMR__cache_size': 8000, 'SVMR__class_weight': 'balanced', 'SVMR__gamma': 7.196856730011529e-07, 'SVMR__kernel': 'rbf', 'SVMR__max_iter': 40000}",0.3333333333333334,0.3333333333333334,0.3333333333333334,0.33333333333333326,0.3333333333333333,0.33333333333333337,7.014000894662208e-17,74
0.02313685417175293,0.000881285528601318,0.003894472122192383,0.0001611475109220272,0.6,8000,balanced,3.727593720314938e-06,rbf,40000,"{'SVMR__C': 0.6, 'SVMR__cache_size': 8000, 'SVMR__class_weight': 'balanced', 'SVMR__gamma': 3.727593720314938e-06, 'SVMR__kernel': 'rbf', 'SVMR__max_iter': 40000}",0.3333333333333334,0.3333333333333334,0.3333333333333334,0.33333333333333326,0.3333333333333333,0.33333333333333337,7.014000894662208e-17,74
0.022612237930297853,0.00043441790214618017,0.003723907470703125,5.7585347549061496e-05,0.6,8000,balanced,1.9306977288832496e-05,rbf,40000,"{'SVMR__C': 0.6, 'SVMR__cache_size': 8000, 'SVMR__class_weight': 'balanced', 'SVMR__gamma': 1.9306977288832496e-05, 'SVMR__kernel': 'rbf', 'SVMR__max_iter': 40000}",0.3333333333333334,0.3333333333333334,0.3333333333333334,0.33333333333333326,0.3333333333333333,0.33333333333333337,7.014000894662208e-17,74
0.02358717918395996,0.0017361051087914168,0.003863954544067383,0.00026885669799212286,0.6,8000,balanced,0.0001,rbf,40000,"{'SVMR__C': 0.6, 'SVMR__cache_size': 8000, 'SVMR__class_weight': 'balanced', 'SVMR__gamma': 0.0001, 'SVMR__kernel': 'rbf', 'SVMR__max_iter': 40000}",0.3333333333333334,0.3333333333333334,0.3333333333333334,0.33333333333333326,0.3333333333333333,0.33333333333333337,7.014000894662208e-17,74
0.022914552688598634,0.001035874556298302,0.003701019287109375,0.00013671457694594845,0.6,8000,balanced,0.0005179474679231213,rbf,40000,"{'SVMR__C': 0.6, 'SVMR__cache_size': 8000, 'SVMR__class_weight': 'balanced', 'SVMR__gamma': 0.0005179474679231213, 'SVMR__kernel': 'rbf', 'SVMR__max_iter': 40000}",0.37927143778207617,0.3945483200802351,0.3469893975213125,0.3829051383399209,0.3901515151515152,0.37874307384108097,0.016792142096908543,58
0.021944046020507812,0.0004015610455606856,0.0036673545837402344,0.00012272041406909598,0.6,8000,balanced,0.002682695795279727,rbf,40000,"{'SVMR__C': 0.6, 'SVMR__cache_size': 8000, 'SVMR__class_weight': 'balanced', 'SVMR__gamma': 0.002682695795279727, 'SVMR__kernel': 'rbf', 'SVMR__max_iter': 40000}",0.4847141629056524,0.446477183179311,0.5134411490794472,0.5063811724099537,0.5207138748167529,0.49427100987440137,0.026812975538285603,32
0.020250654220581053,0.0004181842466807364,0.003483438491821289,8.690840899974305e-05,0.6,8000,balanced,0.01389495494373139,rbf,40000,"{'SVMR__C': 0.6, 'SVMR__cache_size': 8000, 'SVMR__class_weight': 'balanced', 'SVMR__gamma': 0.01389495494373139, 'SVMR__kernel': 'rbf', 'SVMR__max_iter': 40000}",0.5029998567232611,0.45832437853714464,0.5458485564868545,0.5180741895377535,0.5365241514965948,0.5122962442325164,0.03084773250828664,17
0.02003026008605957,0.00036928764467838635,0.0035816192626953124,0.00010347274041533346,0.6,8000,balanced,0.07196856730011529,rbf,40000,"{'SVMR__C': 0.6, 'SVMR__cache_size': 8000, 'SVMR__class_weight': 'balanced', 'SVMR__gamma': 0.07196856730011529, 'SVMR__kernel': 'rbf', 'SVMR__max_iter': 40000}",0.5217511999426895,0.5100920553048215,0.5774768966258327,0.5342927127985302,0.5996005678338808,0.5485716721313544,0.03417251552513378,1
0.02252473831176758,0.0005140998011509485,0.0036885738372802734,0.000199099927986235,0.6,8000,balanced,0.3727593720314938,rbf,40000,"{'SVMR__C': 0.6, 'SVMR__cache_size': 8000, 'SVMR__class_weight': 'balanced', 'SVMR__gamma': 0.3727593720314938, 'SVMR__kernel': 'rbf', 'SVMR__max_iter': 40000}",0.5138799340927002,0.4562379110251452,0.5684056880865392,0.48627966746460316,0.5210362968323776,0.5091892764832091,0.037465535540541266,22
0.023972797393798827,0.0005795767528818386,0.003974008560180664,0.0002898180943506584,0.6,8000,balanced,1.9306977288832536,rbf,40000,"{'SVMR__C': 0.6, 'SVMR__cache_size': 8000, 'SVMR__class_weight': 'balanced', 'SVMR__gamma': 1.9306977288832536, 'SVMR__kernel': 'rbf', 'SVMR__max_iter': 40000}",0.43496131528046433,0.40162260906941777,0.44295794827709734,0.4649418248622167,0.482814210692349,0.44534932582198905,0.027606504270254986,46
0.023534584045410156,0.00034143256698396235,0.003690814971923828,0.00010763869836482326,0.6,8000,balanced,10.0,rbf,40000,"{'SVMR__C': 0.6, 'SVMR__cache_size': 8000, 'SVMR__class_weight': 'balanced', 'SVMR__gamma': 10.0, 'SVMR__kernel': 'rbf', 'SVMR__max_iter': 40000}",0.3722240131814601,0.3739075148649617,0.349792248728419,0.3972424799124125,0.40522880365195124,0.37959537819892014,0.01970560433416089,57
0.023651742935180665,0.0023392026076800225,0.0038933753967285156,0.0002962301865984465,0.7000000000000001,8000,balanced,1e-09,rbf,40000,"{'SVMR__C': 0.7000000000000001, 'SVMR__cache_size': 8000, 'SVMR__class_weight': 'balanced', 'SVMR__gamma': 1e-09, 'SVMR__kernel': 'rbf', 'SVMR__max_iter': 40000}",0.3333333333333334,0.3333333333333334,0.3333333333333334,0.33333333333333326,0.33333333333333337,0.3333333333333334,7.827585715516307e-17,66
0.02264881134033203,0.0003684568886178584,0.003717851638793945,0.0001181959378496678,0.7000000000000001,8000,balanced,5.179474679231202e-09,rbf,40000,"{'SVMR__C': 0.7000000000000001, 'SVMR__cache_size': 8000, 'SVMR__class_weight': 'balanced', 'SVMR__gamma': 5.179474679231202e-09, 'SVMR__kernel': 'rbf', 'SVMR__max_iter': 40000}",0.3333333333333334,0.3333333333333334,0.3333333333333334,0.33333333333333326,0.33333333333333337,0.3333333333333334,7.827585715516307e-17,66
0.02266864776611328,0.0004469555568332894,0.0036988258361816406,6.411660307113267e-05,0.7000000000000001,8000,balanced,2.682695795279727e-08,rbf,40000,"{'SVMR__C': 0.7000000000000001, 'SVMR__cache_size': 8000, 'SVMR__class_weight': 'balanced', 'SVMR__gamma': 2.682695795279727e-08, 'SVMR__kernel': 'rbf', 'SVMR__max_iter': 40000}",0.3333333333333334,0.3333333333333334,0.3333333333333334,0.33333333333333326,0.33333333333333337,0.3333333333333334,7.827585715516307e-17,66
0.022860240936279298,0.0004364907389523445,0.003778553009033203,0.00014653149234452483,0.7000000000000001,8000,balanced,1.389495494373136e-07,rbf,40000,"{'SVMR__C': 0.7000000000000001, 'SVMR__cache_size': 8000, 'SVMR__class_weight': 'balanced', 'SVMR__gamma': 1.389495494373136e-07, 'SVMR__kernel': 'rbf', 'SVMR__max_iter': 40000}",0.3333333333333334,0.3333333333333334,0.3333333333333334,0.33333333333333326,0.33333333333333337,0.3333333333333334,7.827585715516307e-17,66
0.02319822311401367,0.0009200006664272529,0.003922557830810547,0.0003457204092624487,0.7000000000000001,8000,balanced,7.196856730011529e-07,rbf,40000,"{'SVMR__C': 0.7000000000000001, 'SVMR__cache_size': 8000, 'SVMR__class_weight': 'balanced', 'SVMR__gamma': 7.196856730011529e-07, 'SVMR__kernel': 'rbf', 'SVMR__max_iter': 40000}",0.3333333333333334,0.3333333333333334,0.3333333333333334,0.33333333333333326,0.33333333333333337,0.3333333333333334,7.827585715516307e-17,66
0.023314714431762695,0.0006007744760441066,0.0037769794464111326,0.00015529938392373405,0.7000000000000001,8000,balanced,3.727593720314938e-06,rbf,40000,"{'SVMR__C': 0.7000000000000001, 'SVMR__cache_size': 8000, 'SVMR__class_weight': 'balanced', 'SVMR__gamma': 3.727593720314938e-06, 'SVMR__kernel': 'rbf', 'SVMR__max_iter': 40000}",0.3333333333333334,0.3333333333333334,0.3333333333333334,0.33333333333333326,0.33333333333333337,0.3333333333333334,7.827585715516307e-17,66
0.02257857322692871,0.0004952806496720652,0.003719997406005859,8.380342173920971e-05,0.7000000000000001,8000,balanced,1.9306977288832496e-05,rbf,40000,"{'SVMR__C': 0.7000000000000001, 'SVMR__cache_size': 8000, 'SVMR__class_weight': 'balanced', 'SVMR__gamma': 1.9306977288832496e-05, 'SVMR__kernel': 'rbf', 'SVMR__max_iter': 40000}",0.3333333333333334,0.3333333333333334,0.3333333333333334,0.33333333333333326,0.33333333333333337,0.3333333333333334,7.827585715516307e-17,66
0.02341909408569336,0.0012268878807710421,0.004380702972412109,0.0011436920402579731,0.7000000000000001,8000,balanced,0.0001,rbf,40000,"{'SVMR__C': 0.7000000000000001, 'SVMR__cache_size': 8000, 'SVMR__class_weight': 'balanced', 'SVMR__gamma': 0.0001, 'SVMR__kernel': 'rbf', 'SVMR__max_iter': 40000}",0.3333333333333334,0.3333333333333334,0.3333333333333334,0.33333333333333326,0.33333333333333337,0.3333333333333334,7.827585715516307e-17,66
0.022450971603393554,0.00011880284639371199,0.003649330139160156,6.0096352871249475e-05,0.7000000000000001,8000,balanced,0.0005179474679231213,rbf,40000,"{'SVMR__C': 0.7000000000000001, 'SVMR__cache_size': 8000, 'SVMR__class_weight': 'balanced', 'SVMR__gamma': 0.0005179474679231213, 'SVMR__kernel': 'rbf', 'SVMR__max_iter': 40000}",0.41193853427895993,0.4022852639873918,0.41775019700551624,0.4210042865890997,0.3976321698305777,0.41012520910505385,0.008901723486916974,51
0.021532392501831053,0.0006442378408756995,0.003665590286254883,8.668928387618026e-05,0.7000000000000001,8000,balanced,0.002682695795279727,rbf,40000,"{'SVMR__C': 0.7000000000000001, 'SVMR__cache_size': 8000, 'SVMR__class_weight': 'balanced', 'SVMR__gamma': 0.002682695795279727, 'SVMR__kernel': 'rbf', 'SVMR__max_iter': 40000}",0.47017157389497827,0.4469607421735082,0.5172290278673259,0.5148638868785838,0.5078657054315352,0.4913407998237513,0.028005374770604923,35
0.02010974884033203,0.00029375052236895534,0.0034386634826660155,5.525437887256965e-05,0.7000000000000001,8000,balanced,0.01389495494373139,rbf,40000,"{'SVMR__C': 0.7000000000000001, 'SVMR__cache_size': 8000, 'SVMR__class_weight': 'balanced', 'SVMR__gamma': 0.01389495494373139, 'SVMR__kernel': 'rbf', 'SVMR__max_iter': 40000}",0.5029998567232611,0.4793054660075938,0.5496364352747333,0.5142863107498746,0.5292777746850006,0.5150752487112572,0.023795330282750403,12
0.019783973693847656,0.0005477396908564146,0.0033992767333984376,5.9553238635560874e-05,0.7000000000000001,8000,balanced,0.07196856730011529,rbf,40000,"{'SVMR__C': 0.7000000000000001, 'SVMR__cache_size': 8000, 'SVMR__class_weight': 'balanced', 'SVMR__gamma': 0.07196856730011529, 'SVMR__kernel': 'rbf', 'SVMR__max_iter': 40000}",0.516279819471309,0.5138799340927002,0.5766351457840818,0.5258099983299003,0.5876593553415353,0.5440036485622688,0.03154460174314883,2
0.022933244705200195,0.0013612878610928805,0.003634786605834961,0.00022215584771658603,0.7000000000000001,8000,balanced,0.3727593720314938,rbf,40000,"{'SVMR__C': 0.7000000000000001, 'SVMR__cache_size': 8000, 'SVMR__class_weight': 'balanced', 'SVMR__gamma': 0.3727593720314938, 'SVMR__kernel': 'rbf', 'SVMR__max_iter': 40000}",0.49542409914750357,0.460025789813024,0.5537377319292214,0.4888312085954461,0.5282826736439719,0.505247510556022,0.03257512315696808,26
0.02396535873413086,0.0005750615402887229,0.003768587112426758,0.00031046199088329604,0.7000000000000001,8000,balanced,1.9306977288832536,rbf,40000,"{'SVMR__C': 0.7000000000000001, 'SVMR__cache_size': 8000, 'SVMR__class_weight': 'balanced', 'SVMR__gamma': 1.9306977288832536, 'SVMR__kernel': 'rbf', 'SVMR__max_iter': 40000}",0.4374865678057168,0.43083315423740964,0.45089189770040844,0.46461244409805336,0.47993328879734265,0.452675732813257,0.01785528444828911,44
0.024202346801757812,0.0003079138058493158,0.0037120819091796876,0.00011466883771902661,0.7000000000000001,8000,balanced,10.0,rbf,40000,"{'SVMR__C': 0.7000000000000001, 'SVMR__cache_size': 8000, 'SVMR__class_weight': 'balanced', 'SVMR__gamma': 10.0, 'SVMR__kernel': 'rbf', 'SVMR__max_iter': 40000}",0.38346228239845276,0.3709613869188338,0.3530965685221006,0.4066321512739149,0.41717001614429655,0.3861650179956222,0.023277999974495273,56
0.023599815368652344,0.0017156188810401416,0.0038650035858154297,0.00027466188699847894,0.8,8000,balanced,1e-09,rbf,40000,"{'SVMR__C': 0.8, 'SVMR__cache_size': 8000, 'SVMR__class_weight': 'balanced', 'SVMR__gamma': 1e-09, 'SVMR__kernel': 'rbf', 'SVMR__max_iter': 40000}",0.3333333333333334,0.3333333333333334,0.3333333333333334,0.33333333333333326,0.3333333333333333,0.33333333333333337,7.014000894662208e-17,74
0.022206830978393554,0.0002902562813184672,0.003707695007324219,7.285369594551135e-05,0.8,8000,balanced,5.179474679231202e-09,rbf,40000,"{'SVMR__C': 0.8, 'SVMR__cache_size': 8000, 'SVMR__class_weight': 'balanced', 'SVMR__gamma': 5.179474679231202e-09, 'SVMR__kernel': 'rbf', 'SVMR__max_iter': 40000}",0.3333333333333334,0.3333333333333334,0.3333333333333334,0.33333333333333326,0.3333333333333333,0.33333333333333337,7.014000894662208e-17,74
0.022585535049438478,0.0004236257543069701,0.003691244125366211,0.00013930823487507915,0.8,8000,balanced,2.682695795279727e-08,rbf,40000,"{'SVMR__C': 0.8, 'SVMR__cache_size': 8000, 'SVMR__class_weight': 'balanced', 'SVMR__gamma': 2.682695795279727e-08, 'SVMR__kernel': 'rbf', 'SVMR__max_iter': 40000}",0.3333333333333334,0.3333333333333334,0.3333333333333334,0.33333333333333326,0.3333333333333333,0.33333333333333337,7.014000894662208e-17,74
0.023093986511230468,0.0003736793465817587,0.003830242156982422,0.0001159043324225707,0.8,8000,balanced,1.389495494373136e-07,rbf,40000,"{'SVMR__C': 0.8, 'SVMR__cache_size': 8000, 'SVMR__class_weight': 'balanced', 'SVMR__gamma': 1.389495494373136e-07, 'SVMR__kernel': 'rbf', 'SVMR__max_iter': 40000}",0.3333333333333334,0.3333333333333334,0.3333333333333334,0.33333333333333326,0.3333333333333333,0.33333333333333337,7.014000894662208e-17,74
0.023118877410888673,0.0009186802976453667,0.0037955284118652345,0.00016443697424790182,0.8,8000,balanced,7.196856730011529e-07,rbf,40000,"{'SVMR__C': 0.8, 'SVMR__cache_size': 8000, 'SVMR__class_weight': 'balanced', 'SVMR__gamma': 7.196856730011529e-07, 'SVMR__kernel': 'rbf', 'SVMR__max_iter': 40000}",0.3333333333333334,0.3333333333333334,0.3333333333333334,0.33333333333333326,0.3333333333333333,0.33333333333333337,7.014000894662208e-17,74
0.023127317428588867,0.00041719071315096597,0.0037691593170166016,7.922029097867773e-05,0.8,8000,balanced,3.727593720314938e-06,rbf,40000,"{'SVMR__C': 0.8, 'SVMR__cache_size': 8000, 'SVMR__class_weight': 'balanced', 'SVMR__gamma': 3.727593720314938e-06, 'SVMR__kernel': 'rbf', 'SVMR__max_iter': 40000}",0.3333333333333334,0.3333333333333334,0.3333333333333334,0.33333333333333326,0.3333333333333333,0.33333333333333337,7.014000894662208e-17,74
0.02281961441040039,0.0003847442572477657,0.0037414073944091798,0.00015110168273280457,0.8,8000,balanced,1.9306977288832496e-05,rbf,40000,"{'SVMR__C': 0.8, 'SVMR__cache_size': 8000, 'SVMR__class_weight': 'balanced', 'SVMR__gamma': 1.9306977288832496e-05, 'SVMR__kernel': 'rbf', 'SVMR__max_iter': 40000}",0.3333333333333334,0.3333333333333334,0.3333333333333334,0.33333333333333326,0.3333333333333333,0.33333333333333337,7.014000894662208e-17,74
0.0243375301361084,0.002640472956727532,0.0038099765777587892,0.0002849104374521472,0.8,8000,balanced,0.0001,rbf,40000,"{'SVMR__C': 0.8, 'SVMR__cache_size': 8000, 'SVMR__class_weight': 'balanced', 'SVMR__gamma': 0.0001, 'SVMR__kernel': 'rbf', 'SVMR__max_iter': 40000}",0.3333333333333334,0.3333333333333334,0.3333333333333334,0.33333333333333326,0.3333333333333333,0.33333333333333337,7.014000894662208e-17,74
0.022474241256713868,0.00011364335054350982,0.003632354736328125,6.797420312880822e-05,0.8,8000,balanced,0.0005179474679231213,rbf,40000,"{'SVMR__C': 0.8, 'SVMR__cache_size': 8000, 'SVMR__class_weight': 'balanced', 'SVMR__gamma': 0.0005179474679231213, 'SVMR__kernel': 'rbf', 'SVMR__max_iter': 40000}",0.4152876280535857,0.39325882942904233,0.4491725768321515,0.425395256916996,0.4132963127911077,0.41928187380535464,0.018251229912304746,50
0.021320295333862305,0.0005824737433094588,0.0035956859588623046,0.00012028718007898111,0.8,8000,balanced,0.002682695795279727,rbf,40000,"{'SVMR__C': 0.8, 'SVMR__cache_size': 8000, 'SVMR__class_weight': 'balanced', 'SVMR__gamma': 0.002682695795279727, 'SVMR__kernel': 'rbf', 'SVMR__max_iter': 40000}",0.46343756716097156,0.4515903718031379,0.5210169066552047,0.5139569299857113,0.5163484199001652,0.49318514041687944,0.029547156849285546,34
0.020114612579345704,0.00022670442278102207,0.0034339427947998047,7.885825605881294e-05,0.8,8000,balanced,0.01389495494373139,rbf,40000,"{'SVMR__C': 0.8, 'SVMR__cache_size': 8000, 'SVMR__class_weight': 'balanced', 'SVMR__gamma': 0.01389495494373139, 'SVMR__kernel': 'rbf', 'SVMR__max_iter': 40000}",0.5114173651407695,0.47088795759008545,0.553424314062612,0.5142863107498746,0.5254898958971219,0.5150825966817477,0.026677078847376547,11
0.020345735549926757,0.0006555904082911849,0.003526592254638672,0.00016638717289465345,0.8,8000,balanced,0.07196856730011529,rbf,40000,"{'SVMR__C': 0.8, 'SVMR__cache_size': 8000, 'SVMR__class_weight': 'balanced', 'SVMR__gamma': 0.07196856730011529, 'SVMR__kernel': 'rbf', 'SVMR__max_iter': 40000}",0.5121337488358766,0.5130381832509493,0.5766351457840818,0.5223515003061848,0.5842008573178199,0.5416268655986409,0.031923066890671946,4
0.02244601249694824,0.00045047855445740694,0.0036076068878173827,0.00012429349357740267,0.8,8000,balanced,0.3727593720314938,rbf,40000,"{'SVMR__C': 0.8, 'SVMR__cache_size': 8000, 'SVMR__class_weight': 'balanced', 'SVMR__gamma': 0.3727593720314938, 'SVMR__kernel': 'rbf', 'SVMR__max_iter': 40000}",0.48995271867612306,0.4646554194426536,0.5608299305107817,0.49443300116906974,0.517248418044499,0.5054222804511155,0.0324026053507934,25
0.024405384063720705,0.0007126741646357063,0.0036177635192871094,8.30144596856854e-05,0.8,8000,balanced,1.9306977288832536,rbf,40000,"{'SVMR__C': 0.8, 'SVMR__cache_size': 8000, 'SVMR__class_weight': 'balanced', 'SVMR__gamma': 1.9306977288832536, 'SVMR__kernel': 'rbf', 'SVMR__max_iter': 40000}",0.43832831864746774,0.4265617164553336,0.44710401891252965,0.47276577780251994,0.4906381636326523,0.45497631151831597,0.02336645453217884,43
0.024846267700195313,0.0003875049782976406,0.003741598129272461,0.00010770067882990303,0.8,8000,balanced,10.0,rbf,40000,"{'SVMR__C': 0.8, 'SVMR__cache_size': 8000, 'SVMR__class_weight': 'balanced', 'SVMR__gamma': 10.0, 'SVMR__kernel': 'rbf', 'SVMR__max_iter': 40000}",0.38346228239845276,0.3709613869188338,0.3601887671036608,0.41387852808550907,0.43166276976748497,0.39191148438312307,0.026732833825446275,53
0.02331533432006836,0.0019774259737102393,0.004185914993286133,0.0007848375904142538,0.9,8000,balanced,1e-09,rbf,40000,"{'SVMR__C': 0.9, 'SVMR__cache_size': 8000, 'SVMR__class_weight': 'balanced', 'SVMR__gamma': 1e-09, 'SVMR__kernel': 'rbf', 'SVMR__max_iter': 40000}",0.3333333333333334,0.3333333333333334,0.3333333333333334,0.33333333333333326,0.3333333333333333,0.33333333333333337,7.014000894662208e-17,74
0.022878170013427734,0.0005774707065895345,0.003731966018676758,9.603339367211157e-05,0.9,8000,balanced,5.179474679231202e-09,rbf,40000,"{'SVMR__C': 0.9, 'SVMR__cache_size': 8000, 'SVMR__class_weight': 'balanced', 'SVMR__gamma': 5.179474679231202e-09, 'SVMR__kernel': 'rbf', 'SVMR__max_iter': 40000}",0.3333333333333334,0.3333333333333334,0.3333333333333334,0.33333333333333326,0.3333333333333333,0.33333333333333337,7.014000894662208e-17,74
0.02237396240234375,0.0001859222506204153,0.0036663055419921876,0.00011196219738028415,0.9,8000,balanced,2.682695795279727e-08,rbf,40000,"{'SVMR__C': 0.9, 'SVMR__cache_size': 8000, 'SVMR__class_weight': 'balanced', 'SVMR__gamma': 2.682695795279727e-08, 'SVMR__kernel': 'rbf', 'SVMR__max_iter': 40000}",0.3333333333333334,0.3333333333333334,0.3333333333333334,0.33333333333333326,0.3333333333333333,0.33333333333333337,7.014000894662208e-17,74
0.022837162017822266,0.0004401071356257661,0.003742551803588867,9.328994543047373e-05,0.9,8000,balanced,1.389495494373136e-07,rbf,40000,"{'SVMR__C': 0.9, 'SVMR__cache_size': 8000, 'SVMR__class_weight': 'balanced', 'SVMR__gamma': 1.389495494373136e-07, 'SVMR__kernel': 'rbf', 'SVMR__max_iter': 40000}",0.3333333333333334,0.3333333333333334,0.3333333333333334,0.33333333333333326,0.3333333333333333,0.33333333333333337,7.014000894662208e-17,74
0.023236417770385744,0.000547289785490238,0.0038654327392578123,0.00017341915172889585,0.9,8000,balanced,7.196856730011529e-07,rbf,40000,"{'SVMR__C': 0.9, 'SVMR__cache_size': 8000, 'SVMR__class_weight': 'balanced', 'SVMR__gamma': 7.196856730011529e-07, 'SVMR__kernel': 'rbf', 'SVMR__max_iter': 40000}",0.3333333333333334,0.3333333333333334,0.3333333333333334,0.33333333333333326,0.3333333333333333,0.33333333333333337,7.014000894662208e-17,74
0.023873376846313476,0.0010804670244958737,0.0038703441619873046,0.00018078056963343316,0.9,8000,balanced,3.727593720314938e-06,rbf,40000,"{'SVMR__C': 0.9, 'SVMR__cache_size': 8000, 'SVMR__class_weight': 'balanced', 'SVMR__gamma': 3.727593720314938e-06, 'SVMR__kernel': 'rbf', 'SVMR__max_iter': 40000}",0.3333333333333334,0.3333333333333334,0.3333333333333334,0.33333333333333326,0.3333333333333333,0.33333333333333337,7.014000894662208e-17,74
0.02275881767272949,0.0002750717963084365,0.0037572383880615234,0.00015015366644177526,0.9,8000,balanced,1.9306977288832496e-05,rbf,40000,"{'SVMR__C': 0.9, 'SVMR__cache_size': 8000, 'SVMR__class_weight': 'balanced', 'SVMR__gamma': 1.9306977288832496e-05, 'SVMR__kernel': 'rbf', 'SVMR__max_iter': 40000}",0.3333333333333334,0.3333333333333334,0.3333333333333334,0.33333333333333326,0.3333333333333333,0.33333333333333337,7.014000894662208e-17,74
0.02456493377685547,0.0023708735771187173,0.004133081436157227,0.0004680339884464782,0.9,8000,balanced,0.0001,rbf,40000,"{'SVMR__C': 0.9, 'SVMR__cache_size': 8000, 'SVMR__class_weight': 'balanced', 'SVMR__gamma': 0.0001, 'SVMR__kernel': 'rbf', 'SVMR__max_iter': 40000}",0.3333333333333334,0.3333333333333334,0.3333333333333334,0.33333333333333326,0.3333333333333333,0.33333333333333337,7.014000894662208e-17,74
0.02303471565246582,0.00025602845736386775,0.0037504196166992187,0.00012791094330975676,0.9,8000,balanced,0.0005179474679231213,rbf,40000,"{'SVMR__C': 0.9, 'SVMR__cache_size': 8000, 'SVMR__class_weight': 'balanced', 'SVMR__gamma': 0.0005179474679231213, 'SVMR__kernel': 'rbf', 'SVMR__max_iter': 40000}",0.4841947847266998,0.44483845547675344,0.4599093774625691,0.4356895655885245,0.4592426098090519,0.45681107450375347,0.016466409461721242,42
0.02147059440612793,0.000427006075061077,0.0037322044372558594,0.0002461339925877381,0.9,8000,balanced,0.002682695795279727,rbf,40000,"{'SVMR__C': 0.9, 'SVMR__cache_size': 8000, 'SVMR__class_weight': 'balanced', 'SVMR__gamma': 0.002682695795279727, 'SVMR__kernel': 'rbf', 'SVMR__max_iter': 40000}",0.4538827996274806,0.4553782505910166,0.5248047854430835,0.5139569299857113,0.5277120562638015,0.4950473037469421,0.03342466939743522,30
0.02035036087036133,0.0002534937193822299,0.003476238250732422,6.751088035776243e-05,0.9,8000,balanced,0.01389495494373139,rbf,40000,"{'SVMR__C': 0.9, 'SVMR__cache_size': 8000, 'SVMR__class_weight': 'balanced', 'SVMR__gamma': 0.01389495494373139, 'SVMR__kernel': 'rbf', 'SVMR__max_iter': 40000}",0.5114173651407695,0.4600078802206463,0.553424314062612,0.5095914750691235,0.5254898958971219,0.5119646361288595,0.03040828653910581,18
0.020467185974121095,0.0005515702109218505,0.003630256652832031,0.0001889452182096058,0.9,8000,balanced,0.07196856730011529,rbf,40000,"{'SVMR__C': 0.9, 'SVMR__cache_size': 8000, 'SVMR__class_weight': 'balanced', 'SVMR__gamma': 0.07196856730011529, 'SVMR__kernel': 'rbf', 'SVMR__max_iter': 40000}",0.5205512572533851,0.5130381832509493,0.572847266996203,0.5223515003061848,0.57571814284919,0.5408697141604879,0.02744757198091803,5
0.022268009185791016,0.0003933808412194623,0.003453969955444336,3.4341545972611016e-05,0.9,8000,balanced,0.3727593720314938,rbf,40000,"{'SVMR__C': 0.9, 'SVMR__cache_size': 8000, 'SVMR__class_weight': 'balanced', 'SVMR__gamma': 0.3727593720314938, 'SVMR__kernel': 'rbf', 'SVMR__max_iter': 40000}",0.4978866680994342,0.4684432982305324,0.5466455333476612,0.5101620924492939,0.5137899200207835,0.5073676925214693,0.02533269698768886,23
0.02509760856628418,0.0005585643686181812,0.00361485481262207,8.465765348973398e-05,0.9,8000,balanced,1.9306977288832536,rbf,40000,"{'SVMR__C': 0.9, 'SVMR__cache_size': 8000, 'SVMR__class_weight': 'balanced', 'SVMR__gamma': 1.9306977288832536, 'SVMR__kernel': 'rbf', 'SVMR__max_iter': 40000}",0.43832831864746774,0.4336539150368939,0.44331614012465087,0.47457969158826463,0.50348633301787,0.45855509061369853,0.02656566093467465,40
0.026421260833740235,0.0022987835848742684,0.003951740264892578,0.00028533408821823636,0.9,8000,balanced,10.0,rbf,40000,"{'SVMR__C': 0.9, 'SVMR__cache_size': 8000, 'SVMR__class_weight': 'balanced', 'SVMR__gamma': 10.0, 'SVMR__kernel': 'rbf', 'SVMR__max_iter': 40000}",0.38676660219213427,0.3709613869188338,0.3530965685221006,0.41387852808550907,0.4202991334038486,0.3888914685115068,0.02535718415439363,54
0.022434473037719727,0.0008612250285885368,0.003755617141723633,0.00012627143144261073,1.0,8000,balanced,1e-09,rbf,40000,"{'SVMR__C': 1.0, 'SVMR__cache_size': 8000, 'SVMR__class_weight': 'balanced', 'SVMR__gamma': 1e-09, 'SVMR__kernel': 'rbf', 'SVMR__max_iter': 40000}",0.3333333333333334,0.3333333333333334,0.3333333333333334,0.33333333333333326,0.3333333333333333,0.33333333333333337,7.014000894662208e-17,74
0.02241063117980957,0.0005632261359462282,0.0037405967712402345,0.00016705460218121985,1.0,8000,balanced,5.179474679231202e-09,rbf,40000,"{'SVMR__C': 1.0, 'SVMR__cache_size': 8000, 'SVMR__class_weight': 'balanced', 'SVMR__gamma': 5.179474679231202e-09, 'SVMR__kernel': 'rbf', 'SVMR__max_iter': 40000}",0.3333333333333334,0.3333333333333334,0.3333333333333334,0.33333333333333326,0.3333333333333333,0.33333333333333337,7.014000894662208e-17,74
0.022812271118164064,0.0004535230924857136,0.003797769546508789,0.00016930962641343588,1.0,8000,balanced,2.682695795279727e-08,rbf,40000,"{'SVMR__C': 1.0, 'SVMR__cache_size': 8000, 'SVMR__class_weight': 'balanced', 'SVMR__gamma': 2.682695795279727e-08, 'SVMR__kernel': 'rbf', 'SVMR__max_iter': 40000}",0.3333333333333334,0.3333333333333334,0.3333333333333334,0.33333333333333326,0.3333333333333333,0.33333333333333337,7.014000894662208e-17,74
0.023330307006835936,0.0017199071286681346,0.0036691665649414063,0.00016468374654674776,1.0,8000,balanced,1.389495494373136e-07,rbf,40000,"{'SVMR__C': 1.0, 'SVMR__cache_size': 8000, 'SVMR__class_weight': 'balanced', 'SVMR__gamma': 1.389495494373136e-07, 'SVMR__kernel': 'rbf', 'SVMR__max_iter': 40000}",0.3333333333333334,0.3333333333333334,0.3333333333333334,0.33333333333333326,0.3333333333333333,0.33333333333333337,7.014000894662208e-17,74
0.02312502861022949,0.0008057672774738314,0.003739023208618164,0.00017449885610812204,1.0,8000,balanced,7.196856730011529e-07,rbf,40000,"{'SVMR__C': 1.0, 'SVMR__cache_size': 8000, 'SVMR__class_weight': 'balanced', 'SVMR__gamma': 7.196856730011529e-07, 'SVMR__kernel': 'rbf', 'SVMR__max_iter': 40000}",0.3333333333333334,0.3333333333333334,0.3333333333333334,0.33333333333333326,0.3333333333333333,0.33333333333333337,7.014000894662208e-17,74
0.023167800903320313,0.0007119307385897038,0.003725004196166992,0.00017934557401833948,1.0,8000,balanced,3.727593720314938e-06,rbf,40000,"{'SVMR__C': 1.0, 'SVMR__cache_size': 8000, 'SVMR__class_weight': 'balanced', 'SVMR__gamma': 3.727593720314938e-06, 'SVMR__kernel': 'rbf', 'SVMR__max_iter': 40000}",0.3333333333333334,0.3333333333333334,0.3333333333333334,0.33333333333333326,0.3333333333333333,0.33333333333333337,7.014000894662208e-17,74
0.022457313537597657,0.0003315964957204701,0.003733205795288086,0.00012930170870678059,1.0,8000,balanced,1.9306977288832496e-05,rbf,40000,"{'SVMR__C': 1.0, 'SVMR__cache_size': 8000, 'SVMR__class_weight': 'balanced', 'SVMR__gamma': 1.9306977288832496e-05, 'SVMR__kernel': 'rbf', 'SVMR__max_iter': 40000}",0.3333333333333334,0.3333333333333334,0.3333333333333334,0.33333333333333326,0.3333333333333333,0.33333333333333337,7.014000894662208e-17,74
0.023782777786254882,0.0023208152559335716,0.00396261215209961,0.0003980844279319836,1.0,8000,balanced,0.0001,rbf,40000,"{'SVMR__C': 1.0, 'SVMR__cache_size': 8000, 'SVMR__class_weight': 'balanced', 'SVMR__gamma': 0.0001, 'SVMR__kernel': 'rbf', 'SVMR__max_iter': 40000}",0.3333333333333334,0.3333333333333334,0.3333333333333334,0.33333333333333326,0.3333333333333333,0.33333333333333337,7.014000894662208e-17,74
0.02245945930480957,0.00038321015771469296,0.003725576400756836,0.0001064689284941817,1.0,8000,balanced,0.0005179474679231213,rbf,40000,"{'SVMR__C': 1.0, 'SVMR__cache_size': 8000, 'SVMR__class_weight': 'balanced', 'SVMR__gamma': 0.0005179474679231213, 'SVMR__kernel': 'rbf', 'SVMR__max_iter': 40000}",0.4461010817393798,0.41249373164266795,0.44362060319507146,0.45463823785930335,0.4928533652507934,0.4498490493395087,0.02574991598849155,45
0.020896291732788085,0.00044423452291065765,0.0036647796630859377,0.00017450620492722336,1.0,8000,balanced,0.002682695795279727,rbf,40000,"{'SVMR__C': 1.0, 'SVMR__cache_size': 8000, 'SVMR__class_weight': 'balanced', 'SVMR__gamma': 0.002682695795279727, 'SVMR__kernel': 'rbf', 'SVMR__max_iter': 40000}",0.4538827996274806,0.4654165771187049,0.5248047854430835,0.513049973092839,0.5324068919445527,0.49781592522390294,0.032071545220835294,28
0.020149612426757814,0.00028075921631558215,0.0035386085510253906,0.00013621293904977701,1.0,8000,balanced,0.01389495494373139,rbf,40000,"{'SVMR__C': 1.0, 'SVMR__cache_size': 8000, 'SVMR__class_weight': 'balanced', 'SVMR__gamma': 0.01389495494373139, 'SVMR__kernel': 'rbf', 'SVMR__max_iter': 40000}",0.5114173651407695,0.46084963106239707,0.553424314062612,0.5180741895377535,0.5327362727087162,0.5152611503254534,0.030856050533211277,10
0.02028803825378418,0.0009112635857277652,0.0034881591796875,0.00015159436967911554,1.0,8000,balanced,0.07196856730011529,rbf,40000,"{'SVMR__C': 1.0, 'SVMR__cache_size': 8000, 'SVMR__class_weight': 'balanced', 'SVMR__gamma': 0.07196856730011529, 'SVMR__kernel': 'rbf', 'SVMR__max_iter': 40000}",0.5335983953005231,0.4912780285120712,0.5812647754137115,0.5138687858375549,0.5697081036946315,0.5379287008670646,0.03367021888643956,6
0.021999025344848634,0.0004698418000790593,0.0036229610443115233,0.00022110530260464968,1.0,8000,balanced,0.3727593720314938,rbf,40000,"{'SVMR__C': 1.0, 'SVMR__cache_size': 8000, 'SVMR__class_weight': 'balanced', 'SVMR__gamma': 0.3727593720314938, 'SVMR__kernel': 'rbf', 'SVMR__max_iter': 40000}",0.4978866680994342,0.4755354968120926,0.5550630417651695,0.5101620924492939,0.5295190113010075,0.5136091794867972,0.027173290035684236,14
0.025719404220581055,0.0005124780155037813,0.003630828857421875,8.630823693588269e-05,1.0,8000,balanced,1.9306977288832536,rbf,40000,"{'SVMR__C': 1.0, 'SVMR__cache_size': 8000, 'SVMR__class_weight': 'balanced', 'SVMR__gamma': 1.9306977288832536, 'SVMR__kernel': 'rbf', 'SVMR__max_iter': 40000}",0.43075256107171017,0.4336539150368939,0.44331614012465087,0.47425031082410135,0.523580879214682,0.4609640887664737,0.03478855070259211,39
0.027822446823120118,0.002245840814867066,0.003870391845703125,0.00028423449061962453,1.0,8000,balanced,10.0,rbf,40000,"{'SVMR__C': 1.0, 'SVMR__cache_size': 8000, 'SVMR__class_weight': 'balanced', 'SVMR__gamma': 10.0, 'SVMR__kernel': 'rbf', 'SVMR__max_iter': 40000}",0.37919084461637664,0.3709613869188338,0.3530965685221006,0.40630277050975144,0.42968880476535093,0.38773111012925254,0.027029027371458562,55
