mean_fit_time,std_fit_time,mean_score_time,std_score_time,param_SVMR__C,param_SVMR__cache_size,param_SVMR__class_weight,param_SVMR__gamma,param_SVMR__kernel,param_SVMR__max_iter,params,split0_test_score,split1_test_score,split2_test_score,split3_test_score,mean_test_score,std_test_score,rank_test_score
0.006548047065734863,0.00030366167609204063,0.00206148624420166,3.054294612147681e-05,0.1,8000,balanced,1e-09,rbf,40000,"{'SVMR__C': 0.1, 'SVMR__cache_size': 8000, 'SVMR__class_weight': 'balanced', 'SVMR__gamma': 1e-09, 'SVMR__kernel': 'rbf', 'SVMR__max_iter': 40000}",0.5,0.5,0.5000000000000002,0.5000000000000001,0.5000000000000001,9.629722439836916e-17,59
0.00668567419052124,0.0003788146880374809,0.0022745728492736816,0.00039469874883186676,0.1,8000,balanced,5.179474679231202e-09,rbf,40000,"{'SVMR__C': 0.1, 'SVMR__cache_size': 8000, 'SVMR__class_weight': 'balanced', 'SVMR__gamma': 5.179474679231202e-09, 'SVMR__kernel': 'rbf', 'SVMR__max_iter': 40000}",0.5,0.5,0.5000000000000002,0.5000000000000001,0.5000000000000001,9.629722439836916e-17,59
0.006182730197906494,9.158336588288362e-05,0.002022683620452881,0.00015376061079069734,0.1,8000,balanced,2.682695795279727e-08,rbf,40000,"{'SVMR__C': 0.1, 'SVMR__cache_size': 8000, 'SVMR__class_weight': 'balanced', 'SVMR__gamma': 2.682695795279727e-08, 'SVMR__kernel': 'rbf', 'SVMR__max_iter': 40000}",0.5,0.5,0.5000000000000002,0.5000000000000001,0.5000000000000001,9.629722439836916e-17,59
0.006151974201202393,4.539679293672221e-05,0.0019207000732421875,1.5233622599344147e-05,0.1,8000,balanced,1.389495494373136e-07,rbf,40000,"{'SVMR__C': 0.1, 'SVMR__cache_size': 8000, 'SVMR__class_weight': 'balanced', 'SVMR__gamma': 1.389495494373136e-07, 'SVMR__kernel': 'rbf', 'SVMR__max_iter': 40000}",0.5,0.5,0.5000000000000002,0.5000000000000001,0.5000000000000001,9.629722439836916e-17,59
0.006290912628173828,9.33409498416595e-05,0.0019866228103637695,7.16070863057135e-05,0.1,8000,balanced,7.196856730011529e-07,rbf,40000,"{'SVMR__C': 0.1, 'SVMR__cache_size': 8000, 'SVMR__class_weight': 'balanced', 'SVMR__gamma': 7.196856730011529e-07, 'SVMR__kernel': 'rbf', 'SVMR__max_iter': 40000}",0.5,0.5,0.5000000000000002,0.5000000000000001,0.5000000000000001,9.629722439836916e-17,59
0.006141245365142822,2.7001035660513646e-05,0.0019364356994628906,1.4441554757030304e-05,0.1,8000,balanced,3.727593720314938e-06,rbf,40000,"{'SVMR__C': 0.1, 'SVMR__cache_size': 8000, 'SVMR__class_weight': 'balanced', 'SVMR__gamma': 3.727593720314938e-06, 'SVMR__kernel': 'rbf', 'SVMR__max_iter': 40000}",0.5,0.5,0.5000000000000002,0.5000000000000001,0.5000000000000001,9.629722439836916e-17,59
0.0061026811599731445,5.5396417045457883e-05,0.0019183158874511719,1.5057223387010394e-05,0.1,8000,balanced,1.9306977288832496e-05,rbf,40000,"{'SVMR__C': 0.1, 'SVMR__cache_size': 8000, 'SVMR__class_weight': 'balanced', 'SVMR__gamma': 1.9306977288832496e-05, 'SVMR__kernel': 'rbf', 'SVMR__max_iter': 40000}",0.5,0.5,0.5000000000000002,0.5000000000000001,0.5000000000000001,9.629722439836916e-17,59
0.006195545196533203,0.00020872392600733536,0.0019012093544006348,3.906187564508744e-05,0.1,8000,balanced,0.0001,rbf,40000,"{'SVMR__C': 0.1, 'SVMR__cache_size': 8000, 'SVMR__class_weight': 'balanced', 'SVMR__gamma': 0.0001, 'SVMR__kernel': 'rbf', 'SVMR__max_iter': 40000}",0.5,0.5,0.5000000000000002,0.5000000000000001,0.5000000000000001,9.629722439836916e-17,59
0.006109654903411865,0.00015255756141946452,0.001858353614807129,7.1773496739818424e-06,0.1,8000,balanced,0.0005179474679231213,rbf,40000,"{'SVMR__C': 0.1, 'SVMR__cache_size': 8000, 'SVMR__class_weight': 'balanced', 'SVMR__gamma': 0.0005179474679231213, 'SVMR__kernel': 'rbf', 'SVMR__max_iter': 40000}",0.5,0.5,0.5000000000000002,0.5000000000000001,0.5000000000000001,9.629722439836916e-17,59
0.006135463714599609,0.00023944235578784626,0.0019037723541259766,0.00011464252694072377,0.1,8000,balanced,0.002682695795279727,rbf,40000,"{'SVMR__C': 0.1, 'SVMR__cache_size': 8000, 'SVMR__class_weight': 'balanced', 'SVMR__gamma': 0.002682695795279727, 'SVMR__kernel': 'rbf', 'SVMR__max_iter': 40000}",0.5049564796905223,0.5212765957446809,0.488505747126437,0.5543478260869567,0.5171871437025329,0.024271336630235563,55
0.005830824375152588,0.00025402022030802615,0.0018044710159301758,4.946266226785505e-05,0.1,8000,balanced,0.01389495494373139,rbf,40000,"{'SVMR__C': 0.1, 'SVMR__cache_size': 8000, 'SVMR__class_weight': 'balanced', 'SVMR__gamma': 0.01389495494373139, 'SVMR__kernel': 'rbf', 'SVMR__max_iter': 40000}",0.733196324951644,0.753022243713733,0.6958914159941308,0.7648675662168917,0.7367157221971807,0.02611757550278896,29
0.006117522716522217,0.0014964852152585697,0.0021125078201293945,0.0006326756856526116,0.1,8000,balanced,0.07196856730011529,rbf,40000,"{'SVMR__C': 0.1, 'SVMR__cache_size': 8000, 'SVMR__class_weight': 'balanced', 'SVMR__gamma': 0.07196856730011529, 'SVMR__kernel': 'rbf', 'SVMR__max_iter': 40000}",0.7636605415860735,0.7572533849129595,0.682685253118122,0.7521239380309848,0.7389863831532938,0.03272103883391185,24
0.008261442184448242,0.000689503171293957,0.0028535127639770508,0.0004115061335650381,0.1,8000,balanced,0.3727593720314938,rbf,40000,"{'SVMR__C': 0.1, 'SVMR__cache_size': 8000, 'SVMR__class_weight': 'balanced', 'SVMR__gamma': 0.3727593720314938, 'SVMR__kernel': 'rbf', 'SVMR__max_iter': 40000}",0.7024903288201161,0.7358558994197293,0.6390315480557596,0.6812843578210896,0.689791038812022,0.03514049176419875,44
0.0066335201263427734,0.00019953975756625578,0.0020440220832824707,1.5512216159493032e-05,0.1,8000,balanced,1.9306977288832536,rbf,40000,"{'SVMR__C': 0.1, 'SVMR__cache_size': 8000, 'SVMR__class_weight': 'balanced', 'SVMR__gamma': 1.9306977288832536, 'SVMR__kernel': 'rbf', 'SVMR__max_iter': 40000}",0.5,0.5,0.5000000000000002,0.5000000000000001,0.5000000000000001,9.629722439836916e-17,59
0.006116390228271484,0.00024014864496437434,0.0019820332527160645,0.00011043753119186305,0.1,8000,balanced,10.0,rbf,40000,"{'SVMR__C': 0.1, 'SVMR__cache_size': 8000, 'SVMR__class_weight': 'balanced', 'SVMR__gamma': 10.0, 'SVMR__kernel': 'rbf', 'SVMR__max_iter': 40000}",0.5,0.5,0.5000000000000002,0.5000000000000001,0.5000000000000001,9.629722439836916e-17,59
0.0057923197746276855,0.0001779773833241388,0.0019518733024597168,0.00011548278023476334,0.2,8000,balanced,1e-09,rbf,40000,"{'SVMR__C': 0.2, 'SVMR__cache_size': 8000, 'SVMR__class_weight': 'balanced', 'SVMR__gamma': 1e-09, 'SVMR__kernel': 'rbf', 'SVMR__max_iter': 40000}",0.5,0.5,0.5000000000000002,0.5000000000000001,0.5000000000000001,9.629722439836916e-17,59
0.00574946403503418,9.821688019049762e-05,0.0019714832305908203,0.0001426266291957829,0.2,8000,balanced,5.179474679231202e-09,rbf,40000,"{'SVMR__C': 0.2, 'SVMR__cache_size': 8000, 'SVMR__class_weight': 'balanced', 'SVMR__gamma': 5.179474679231202e-09, 'SVMR__kernel': 'rbf', 'SVMR__max_iter': 40000}",0.5,0.5,0.5000000000000002,0.5000000000000001,0.5000000000000001,9.629722439836916e-17,59
0.005746603012084961,9.3376264403386e-05,0.0021275877952575684,0.00013735407684549157,0.2,8000,balanced,2.682695795279727e-08,rbf,40000,"{'SVMR__C': 0.2, 'SVMR__cache_size': 8000, 'SVMR__class_weight': 'balanced', 'SVMR__gamma': 2.682695795279727e-08, 'SVMR__kernel': 'rbf', 'SVMR__max_iter': 40000}",0.5,0.5,0.5000000000000002,0.5000000000000001,0.5000000000000001,9.629722439836916e-17,59
0.0058116912841796875,9.709389899823848e-05,0.0020667314529418945,0.00026696996913365043,0.2,8000,balanced,1.389495494373136e-07,rbf,40000,"{'SVMR__C': 0.2, 'SVMR__cache_size': 8000, 'SVMR__class_weight': 'balanced', 'SVMR__gamma': 1.389495494373136e-07, 'SVMR__kernel': 'rbf', 'SVMR__max_iter': 40000}",0.5,0.5,0.5000000000000002,0.5000000000000001,0.5000000000000001,9.629722439836916e-17,59
0.005933105945587158,0.00016386281682731808,0.002110898494720459,0.00017643356439935894,0.2,8000,balanced,7.196856730011529e-07,rbf,40000,"{'SVMR__C': 0.2, 'SVMR__cache_size': 8000, 'SVMR__class_weight': 'balanced', 'SVMR__gamma': 7.196856730011529e-07, 'SVMR__kernel': 'rbf', 'SVMR__max_iter': 40000}",0.5,0.5,0.5000000000000002,0.5000000000000001,0.5000000000000001,9.629722439836916e-17,59
0.006057918071746826,0.00017043438259050394,0.0019211173057556152,0.00014286221256303125,0.2,8000,balanced,3.727593720314938e-06,rbf,40000,"{'SVMR__C': 0.2, 'SVMR__cache_size': 8000, 'SVMR__class_weight': 'balanced', 'SVMR__gamma': 3.727593720314938e-06, 'SVMR__kernel': 'rbf', 'SVMR__max_iter': 40000}",0.5,0.5,0.5000000000000002,0.5000000000000001,0.5000000000000001,9.629722439836916e-17,59
0.006162106990814209,0.00014549418093286345,0.0019081830978393555,6.819448654176627e-05,0.2,8000,balanced,1.9306977288832496e-05,rbf,40000,"{'SVMR__C': 0.2, 'SVMR__cache_size': 8000, 'SVMR__class_weight': 'balanced', 'SVMR__gamma': 1.9306977288832496e-05, 'SVMR__kernel': 'rbf', 'SVMR__max_iter': 40000}",0.5,0.5,0.5000000000000002,0.5000000000000001,0.5000000000000001,9.629722439836916e-17,59
0.0061484575271606445,0.00011790907608049389,0.001872718334197998,0.0001162355219437029,0.2,8000,balanced,0.0001,rbf,40000,"{'SVMR__C': 0.2, 'SVMR__cache_size': 8000, 'SVMR__class_weight': 'balanced', 'SVMR__gamma': 0.0001, 'SVMR__kernel': 'rbf', 'SVMR__max_iter': 40000}",0.5,0.5,0.5000000000000002,0.5000000000000001,0.5000000000000001,9.629722439836916e-17,59
0.006193697452545166,0.00019741917667195216,0.001922309398651123,0.00014030891601108134,0.2,8000,balanced,0.0005179474679231213,rbf,40000,"{'SVMR__C': 0.2, 'SVMR__cache_size': 8000, 'SVMR__class_weight': 'balanced', 'SVMR__gamma': 0.0005179474679231213, 'SVMR__kernel': 'rbf', 'SVMR__max_iter': 40000}",0.5,0.5,0.5000000000000002,0.5000000000000001,0.5000000000000001,9.629722439836916e-17,59
0.006009876728057861,9.543511477413186e-05,0.0018192529678344727,4.4663093122035564e-05,0.2,8000,balanced,0.002682695795279727,rbf,40000,"{'SVMR__C': 0.2, 'SVMR__cache_size': 8000, 'SVMR__class_weight': 'balanced', 'SVMR__gamma': 0.002682695795279727, 'SVMR__kernel': 'rbf', 'SVMR__max_iter': 40000}",0.7282398452611218,0.7572533849129595,0.6861090731230133,0.7527486256871566,0.7310908176692301,0.02819911332350707,34
0.00551992654800415,0.00017479727475069667,0.0017169713973999023,2.8610477843796153e-05,0.2,8000,balanced,0.01389495494373139,rbf,40000,"{'SVMR__C': 0.2, 'SVMR__cache_size': 8000, 'SVMR__class_weight': 'balanced', 'SVMR__gamma': 0.01389495494373139, 'SVMR__kernel': 'rbf', 'SVMR__max_iter': 40000}",0.7438346228239846,0.7587040618955514,0.707385668867694,0.7706146926536734,0.745110160499715,0.023729592577827,14
0.0054059624671936035,0.00046160368733558866,0.001699209213256836,7.831043239625766e-05,0.2,8000,balanced,0.07196856730011529,rbf,40000,"{'SVMR__C': 0.2, 'SVMR__cache_size': 8000, 'SVMR__class_weight': 'balanced', 'SVMR__gamma': 0.07196856730011529, 'SVMR__kernel': 'rbf', 'SVMR__max_iter': 40000}",0.7594294003868471,0.7686170212765958,0.7114208853020301,0.7687406296851577,0.7520654921846607,0.02374022226329523,6
0.005637466907501221,9.818408468002794e-05,0.0018615126609802246,0.00013298023338208402,0.2,8000,balanced,0.3727593720314938,rbf,40000,"{'SVMR__C': 0.2, 'SVMR__cache_size': 8000, 'SVMR__class_weight': 'balanced', 'SVMR__gamma': 0.3727593720314938, 'SVMR__kernel': 'rbf', 'SVMR__max_iter': 40000}",0.6876208897485494,0.759308510638298,0.6677671802396676,0.6934032983508246,0.7021208750186211,0.03447240752106089,42
0.005912303924560547,5.929580786376402e-05,0.0018786787986755371,3.614317732271563e-05,0.2,8000,balanced,1.9306977288832536,rbf,40000,"{'SVMR__C': 0.2, 'SVMR__cache_size': 8000, 'SVMR__class_weight': 'balanced', 'SVMR__gamma': 1.9306977288832536, 'SVMR__kernel': 'rbf', 'SVMR__max_iter': 40000}",0.5106382978723403,0.5042311411992263,0.4942528735632186,0.5486006996501751,0.5143410658949834,0.020506990702370068,56
0.005876302719116211,0.00014292502804136057,0.0019130110740661621,0.00013129780366793762,0.2,8000,balanced,10.0,rbf,40000,"{'SVMR__C': 0.2, 'SVMR__cache_size': 8000, 'SVMR__class_weight': 'balanced', 'SVMR__gamma': 10.0, 'SVMR__kernel': 'rbf', 'SVMR__max_iter': 40000}",0.5,0.5,0.5000000000000002,0.5000000000000001,0.5000000000000001,9.629722439836916e-17,59
0.005739450454711914,5.503984686623385e-05,0.0018974542617797852,0.00014972520670911052,0.30000000000000004,8000,balanced,1e-09,rbf,40000,"{'SVMR__C': 0.30000000000000004, 'SVMR__cache_size': 8000, 'SVMR__class_weight': 'balanced', 'SVMR__gamma': 1e-09, 'SVMR__kernel': 'rbf', 'SVMR__max_iter': 40000}",0.5,0.5,0.5000000000000002,0.5000000000000001,0.5000000000000001,9.629722439836916e-17,59
0.005851328372955322,9.796586849537296e-05,0.002044975757598877,0.00027146614012132626,0.30000000000000004,8000,balanced,5.179474679231202e-09,rbf,40000,"{'SVMR__C': 0.30000000000000004, 'SVMR__cache_size': 8000, 'SVMR__class_weight': 'balanced', 'SVMR__gamma': 5.179474679231202e-09, 'SVMR__kernel': 'rbf', 'SVMR__max_iter': 40000}",0.5,0.5,0.5000000000000002,0.5000000000000001,0.5000000000000001,9.629722439836916e-17,59
0.00578075647354126,6.674897939414954e-05,0.0020002126693725586,0.0001062975939603035,0.30000000000000004,8000,balanced,2.682695795279727e-08,rbf,40000,"{'SVMR__C': 0.30000000000000004, 'SVMR__cache_size': 8000, 'SVMR__class_weight': 'balanced', 'SVMR__gamma': 2.682695795279727e-08, 'SVMR__kernel': 'rbf', 'SVMR__max_iter': 40000}",0.5,0.5,0.5000000000000002,0.5000000000000001,0.5000000000000001,9.629722439836916e-17,59
0.005980849266052246,0.00017741294231949744,0.0020125508308410645,0.0001882879218296416,0.30000000000000004,8000,balanced,1.389495494373136e-07,rbf,40000,"{'SVMR__C': 0.30000000000000004, 'SVMR__cache_size': 8000, 'SVMR__class_weight': 'balanced', 'SVMR__gamma': 1.389495494373136e-07, 'SVMR__kernel': 'rbf', 'SVMR__max_iter': 40000}",0.5,0.5,0.5000000000000002,0.5000000000000001,0.5000000000000001,9.629722439836916e-17,59
0.0057062506675720215,4.385974484101647e-05,0.0020424723625183105,0.00015154509945225587,0.30000000000000004,8000,balanced,7.196856730011529e-07,rbf,40000,"{'SVMR__C': 0.30000000000000004, 'SVMR__cache_size': 8000, 'SVMR__class_weight': 'balanced', 'SVMR__gamma': 7.196856730011529e-07, 'SVMR__kernel': 'rbf', 'SVMR__max_iter': 40000}",0.5,0.5,0.5000000000000002,0.5000000000000001,0.5000000000000001,9.629722439836916e-17,59
0.006167769432067871,0.00021056359673742766,0.0020832419395446777,0.00013911957757208352,0.30000000000000004,8000,balanced,3.727593720314938e-06,rbf,40000,"{'SVMR__C': 0.30000000000000004, 'SVMR__cache_size': 8000, 'SVMR__class_weight': 'balanced', 'SVMR__gamma': 3.727593720314938e-06, 'SVMR__kernel': 'rbf', 'SVMR__max_iter': 40000}",0.5,0.5,0.5000000000000002,0.5000000000000001,0.5000000000000001,9.629722439836916e-17,59
0.006104826927185059,0.0001423818607476192,0.0018755197525024414,4.1143096396731216e-05,0.30000000000000004,8000,balanced,1.9306977288832496e-05,rbf,40000,"{'SVMR__C': 0.30000000000000004, 'SVMR__cache_size': 8000, 'SVMR__class_weight': 'balanced', 'SVMR__gamma': 1.9306977288832496e-05, 'SVMR__kernel': 'rbf', 'SVMR__max_iter': 40000}",0.5,0.5,0.5000000000000002,0.5000000000000001,0.5000000000000001,9.629722439836916e-17,59
0.0061882734298706055,0.00030694901328323193,0.001851499080657959,7.625544869473711e-05,0.30000000000000004,8000,balanced,0.0001,rbf,40000,"{'SVMR__C': 0.30000000000000004, 'SVMR__cache_size': 8000, 'SVMR__class_weight': 'balanced', 'SVMR__gamma': 0.0001, 'SVMR__kernel': 'rbf', 'SVMR__max_iter': 40000}",0.5,0.5,0.5000000000000002,0.5000000000000001,0.5000000000000001,9.629722439836916e-17,59
0.006214916706085205,6.029288979156664e-05,0.0018485784530639648,1.8485129202335378e-05,0.30000000000000004,8000,balanced,0.0005179474679231213,rbf,40000,"{'SVMR__C': 0.30000000000000004, 'SVMR__cache_size': 8000, 'SVMR__class_weight': 'balanced', 'SVMR__gamma': 0.0005179474679231213, 'SVMR__kernel': 'rbf', 'SVMR__max_iter': 40000}",0.5,0.5,0.5000000000000002,0.5000000000000001,0.5000000000000001,9.629722439836916e-17,59
0.005992293357849121,0.00011304567336022255,0.00189894437789917,7.357915164829038e-05,0.30000000000000004,8000,balanced,0.002682695795279727,rbf,40000,"{'SVMR__C': 0.30000000000000004, 'SVMR__cache_size': 8000, 'SVMR__class_weight': 'balanced', 'SVMR__gamma': 0.002682695795279727, 'SVMR__kernel': 'rbf', 'SVMR__max_iter': 40000}",0.7282398452611218,0.7367021276595744,0.7001711910002448,0.759745127436282,0.7311661226952557,0.02125723983966813,33
0.005393922328948975,0.000180562401732567,0.0016666054725646973,3.604080496505815e-05,0.30000000000000004,8000,balanced,0.01389495494373139,rbf,40000,"{'SVMR__C': 0.30000000000000004, 'SVMR__cache_size': 8000, 'SVMR__class_weight': 'balanced', 'SVMR__gamma': 0.01389495494373139, 'SVMR__kernel': 'rbf', 'SVMR__max_iter': 40000}",0.7438346228239846,0.7643858800773694,0.7016385424309125,0.7706146926536734,0.7451044445071949,0.02695344137293888,15
0.007288157939910889,0.0010599356053899772,0.002720773220062256,0.0004678221927608959,0.30000000000000004,8000,balanced,0.07196856730011529,rbf,40000,"{'SVMR__C': 0.30000000000000004, 'SVMR__cache_size': 8000, 'SVMR__class_weight': 'balanced', 'SVMR__gamma': 0.07196856730011529, 'SVMR__kernel': 'rbf', 'SVMR__max_iter': 40000}",0.7707930367504835,0.7686170212765958,0.7065297138664713,0.7636181909045479,0.7524330705438876,0.026596481770269985,5
0.007102668285369873,0.0006079539684378514,0.0021981000900268555,0.00023265674247925666,0.30000000000000004,8000,balanced,0.3727593720314938,rbf,40000,"{'SVMR__C': 0.30000000000000004, 'SVMR__cache_size': 8000, 'SVMR__class_weight': 'balanced', 'SVMR__gamma': 0.3727593720314938, 'SVMR__kernel': 'rbf', 'SVMR__max_iter': 40000}",0.7224371373307544,0.7721228239845263,0.6916116409880169,0.7278860569715144,0.7285854753206118,0.028762417647110624,35
0.006403565406799316,0.00018563856807175802,0.001984894275665283,0.00010100163146636621,0.30000000000000004,8000,balanced,1.9306977288832536,rbf,40000,"{'SVMR__C': 0.30000000000000004, 'SVMR__cache_size': 8000, 'SVMR__class_weight': 'balanced', 'SVMR__gamma': 1.9306977288832536, 'SVMR__kernel': 'rbf', 'SVMR__max_iter': 40000}",0.6306818181818182,0.6825435203094778,0.5985571044265104,0.5689655172413794,0.6204180381426087,0.04209154886410647,48
0.006170690059661865,0.0001592320542816297,0.0018352866172790527,2.3646372824714037e-05,0.30000000000000004,8000,balanced,10.0,rbf,40000,"{'SVMR__C': 0.30000000000000004, 'SVMR__cache_size': 8000, 'SVMR__class_weight': 'balanced', 'SVMR__gamma': 10.0, 'SVMR__kernel': 'rbf', 'SVMR__max_iter': 40000}",0.5,0.5,0.5000000000000002,0.5000000000000001,0.5000000000000001,9.629722439836916e-17,59
0.006196081638336182,0.00021893923563994655,0.0019727349281311035,9.339519101132272e-05,0.4,8000,balanced,1e-09,rbf,40000,"{'SVMR__C': 0.4, 'SVMR__cache_size': 8000, 'SVMR__class_weight': 'balanced', 'SVMR__gamma': 1e-09, 'SVMR__kernel': 'rbf', 'SVMR__max_iter': 40000}",0.5,0.5,0.5000000000000002,0.5000000000000001,0.5000000000000001,9.629722439836916e-17,59
0.005948662757873535,0.00011006026306058246,0.0018689632415771484,8.558164334012436e-05,0.4,8000,balanced,5.179474679231202e-09,rbf,40000,"{'SVMR__C': 0.4, 'SVMR__cache_size': 8000, 'SVMR__class_weight': 'balanced', 'SVMR__gamma': 5.179474679231202e-09, 'SVMR__kernel': 'rbf', 'SVMR__max_iter': 40000}",0.5,0.5,0.5000000000000002,0.5000000000000001,0.5000000000000001,9.629722439836916e-17,59
0.0060454607009887695,0.00019179589227206619,0.0018472075462341309,4.837235502244962e-05,0.4,8000,balanced,2.682695795279727e-08,rbf,40000,"{'SVMR__C': 0.4, 'SVMR__cache_size': 8000, 'SVMR__class_weight': 'balanced', 'SVMR__gamma': 2.682695795279727e-08, 'SVMR__kernel': 'rbf', 'SVMR__max_iter': 40000}",0.5,0.5,0.5000000000000002,0.5000000000000001,0.5000000000000001,9.629722439836916e-17,59
0.0060713887214660645,0.00024577124408785506,0.0019654035568237305,9.05062331686199e-05,0.4,8000,balanced,1.389495494373136e-07,rbf,40000,"{'SVMR__C': 0.4, 'SVMR__cache_size': 8000, 'SVMR__class_weight': 'balanced', 'SVMR__gamma': 1.389495494373136e-07, 'SVMR__kernel': 'rbf', 'SVMR__max_iter': 40000}",0.5,0.5,0.5000000000000002,0.5000000000000001,0.5000000000000001,9.629722439836916e-17,59
0.005963325500488281,9.43819929403202e-05,0.001999378204345703,0.00019703532224846047,0.4,8000,balanced,7.196856730011529e-07,rbf,40000,"{'SVMR__C': 0.4, 'SVMR__cache_size': 8000, 'SVMR__class_weight': 'balanced', 'SVMR__gamma': 7.196856730011529e-07, 'SVMR__kernel': 'rbf', 'SVMR__max_iter': 40000}",0.5,0.5,0.5000000000000002,0.5000000000000001,0.5000000000000001,9.629722439836916e-17,59
0.005836009979248047,6.083879698943359e-05,0.0020194649696350098,0.00021883016343904915,0.4,8000,balanced,3.727593720314938e-06,rbf,40000,"{'SVMR__C': 0.4, 'SVMR__cache_size': 8000, 'SVMR__class_weight': 'balanced', 'SVMR__gamma': 3.727593720314938e-06, 'SVMR__kernel': 'rbf', 'SVMR__max_iter': 40000}",0.5,0.5,0.5000000000000002,0.5000000000000001,0.5000000000000001,9.629722439836916e-17,59
0.005887210369110107,0.00013296890527169844,0.0020750761032104492,0.00021861387904883995,0.4,8000,balanced,1.9306977288832496e-05,rbf,40000,"{'SVMR__C': 0.4, 'SVMR__cache_size': 8000, 'SVMR__class_weight': 'balanced', 'SVMR__gamma': 1.9306977288832496e-05, 'SVMR__kernel': 'rbf', 'SVMR__max_iter': 40000}",0.5,0.5,0.5000000000000002,0.5000000000000001,0.5000000000000001,9.629722439836916e-17,59
0.006151318550109863,0.00014755331765485785,0.0018579959869384766,1.878823118671946e-05,0.4,8000,balanced,0.0001,rbf,40000,"{'SVMR__C': 0.4, 'SVMR__cache_size': 8000, 'SVMR__class_weight': 'balanced', 'SVMR__gamma': 0.0001, 'SVMR__kernel': 'rbf', 'SVMR__max_iter': 40000}",0.5,0.5,0.5000000000000002,0.5000000000000001,0.5000000000000001,9.629722439836916e-17,59
0.006161868572235107,0.00022769625733079195,0.0019140839576721191,8.267821703168299e-05,0.4,8000,balanced,0.0005179474679231213,rbf,40000,"{'SVMR__C': 0.4, 'SVMR__cache_size': 8000, 'SVMR__class_weight': 'balanced', 'SVMR__gamma': 0.0005179474679231213, 'SVMR__kernel': 'rbf', 'SVMR__max_iter': 40000}",0.5,0.5,0.5000000000000002,0.5000000000000001,0.5000000000000001,9.629722439836916e-17,59
0.005984961986541748,0.0003304844178128942,0.0017922520637512207,5.175231419565436e-05,0.4,8000,balanced,0.002682695795279727,rbf,40000,"{'SVMR__C': 0.4, 'SVMR__cache_size': 8000, 'SVMR__class_weight': 'balanced', 'SVMR__gamma': 0.002682695795279727, 'SVMR__kernel': 'rbf', 'SVMR__max_iter': 40000}",0.7282398452611218,0.7537475822050291,0.7024944974321351,0.7706146926536734,0.738723127535894,0.025764219154069897,25
0.005172789096832275,0.0001434620652594011,0.0016337037086486816,3.6050661093315895e-05,0.4,8000,balanced,0.01389495494373139,rbf,40000,"{'SVMR__C': 0.4, 'SVMR__cache_size': 8000, 'SVMR__class_weight': 'balanced', 'SVMR__gamma': 0.01389495494373139, 'SVMR__kernel': 'rbf', 'SVMR__max_iter': 40000}",0.7495164410058026,0.7587040618955514,0.707385668867694,0.7706146926536734,0.7465385505454234,0.023780773487873323,13
0.004980683326721191,0.00012494652006092119,0.001544654369354248,1.7162308497644283e-05,0.4,8000,balanced,0.07196856730011529,rbf,40000,"{'SVMR__C': 0.4, 'SVMR__cache_size': 8000, 'SVMR__class_weight': 'balanced', 'SVMR__gamma': 0.07196856730011529, 'SVMR__kernel': 'rbf', 'SVMR__max_iter': 40000}",0.7707930367504835,0.7742988394584139,0.7122768403032529,0.7533733133433286,0.7527581947178766,0.024646132525954392,4
0.005289256572723389,0.00016783113223035846,0.0018104910850524902,0.00011473624734069436,0.4,8000,balanced,0.3727593720314938,rbf,40000,"{'SVMR__C': 0.4, 'SVMR__cache_size': 8000, 'SVMR__class_weight': 'balanced', 'SVMR__gamma': 0.3727593720314938, 'SVMR__kernel': 'rbf', 'SVMR__max_iter': 40000}",0.745164410058027,0.7728481624758221,0.6720469552457816,0.7566216891554225,0.7367163388317981,0.03857280652988692,28
0.005880951881408691,0.00019739053429734628,0.0020262598991394043,0.00013837855974140645,0.4,8000,balanced,1.9306977288832536,rbf,40000,"{'SVMR__C': 0.4, 'SVMR__cache_size': 8000, 'SVMR__class_weight': 'balanced', 'SVMR__gamma': 1.9306977288832536, 'SVMR__kernel': 'rbf', 'SVMR__max_iter': 40000}",0.6420454545454546,0.688950676982592,0.5985571044265104,0.5862068965517242,0.6291557672082273,0.04038701199644756,47
0.005877375602722168,5.850966321931316e-05,0.0020461082458496094,0.00020311821743160637,0.4,8000,balanced,10.0,rbf,40000,"{'SVMR__C': 0.4, 'SVMR__cache_size': 8000, 'SVMR__class_weight': 'balanced', 'SVMR__gamma': 10.0, 'SVMR__kernel': 'rbf', 'SVMR__max_iter': 40000}",0.5,0.5,0.5000000000000002,0.5000000000000001,0.5000000000000001,9.629722439836916e-17,59
0.005648672580718994,0.00015580953988792416,0.0020585060119628906,0.00012697026143251833,0.5,8000,balanced,1e-09,rbf,40000,"{'SVMR__C': 0.5, 'SVMR__cache_size': 8000, 'SVMR__class_weight': 'balanced', 'SVMR__gamma': 1e-09, 'SVMR__kernel': 'rbf', 'SVMR__max_iter': 40000}",0.5,0.5,0.5000000000000002,0.5000000000000001,0.5000000000000001,9.629722439836916e-17,59
0.006090700626373291,0.0001263263462463868,0.0019565224647521973,0.00010238813290531342,0.5,8000,balanced,5.179474679231202e-09,rbf,40000,"{'SVMR__C': 0.5, 'SVMR__cache_size': 8000, 'SVMR__class_weight': 'balanced', 'SVMR__gamma': 5.179474679231202e-09, 'SVMR__kernel': 'rbf', 'SVMR__max_iter': 40000}",0.7125241779497099,0.5,0.5000000000000002,0.5000000000000001,0.5534278659650109,0.09219640140616142,51
0.005823493003845215,8.455972959604208e-05,0.001990795135498047,0.0001794577769363637,0.5,8000,balanced,2.682695795279727e-08,rbf,40000,"{'SVMR__C': 0.5, 'SVMR__cache_size': 8000, 'SVMR__class_weight': 'balanced', 'SVMR__gamma': 2.682695795279727e-08, 'SVMR__kernel': 'rbf', 'SVMR__max_iter': 40000}",0.5,0.5,0.5000000000000002,0.5000000000000001,0.5000000000000001,9.629722439836916e-17,59
0.005700528621673584,0.00011001233339063513,0.002071976661682129,0.0002650360325273559,0.5,8000,balanced,1.389495494373136e-07,rbf,40000,"{'SVMR__C': 0.5, 'SVMR__cache_size': 8000, 'SVMR__class_weight': 'balanced', 'SVMR__gamma': 1.389495494373136e-07, 'SVMR__kernel': 'rbf', 'SVMR__max_iter': 40000}",0.5,0.5,0.5000000000000002,0.5000000000000001,0.5000000000000001,9.629722439836916e-17,59
0.006019234657287598,0.00010003080142097608,0.0020200014114379883,0.00010378146043375424,0.5,8000,balanced,7.196856730011529e-07,rbf,40000,"{'SVMR__C': 0.5, 'SVMR__cache_size': 8000, 'SVMR__class_weight': 'balanced', 'SVMR__gamma': 7.196856730011529e-07, 'SVMR__kernel': 'rbf', 'SVMR__max_iter': 40000}",0.5,0.5,0.5000000000000002,0.5000000000000001,0.5000000000000001,9.629722439836916e-17,59
0.005912721157073975,0.000190045958523236,0.0018222332000732422,5.8762562434155934e-05,0.5,8000,balanced,3.727593720314938e-06,rbf,40000,"{'SVMR__C': 0.5, 'SVMR__cache_size': 8000, 'SVMR__class_weight': 'balanced', 'SVMR__gamma': 3.727593720314938e-06, 'SVMR__kernel': 'rbf', 'SVMR__max_iter': 40000}",0.5,0.5,0.5000000000000002,0.5000000000000001,0.5000000000000001,9.629722439836916e-17,59
0.0057236552238464355,0.00017047873509157456,0.0019398331642150879,0.00017236330769309524,0.5,8000,balanced,1.9306977288832496e-05,rbf,40000,"{'SVMR__C': 0.5, 'SVMR__cache_size': 8000, 'SVMR__class_weight': 'balanced', 'SVMR__gamma': 1.9306977288832496e-05, 'SVMR__kernel': 'rbf', 'SVMR__max_iter': 40000}",0.5,0.5,0.5000000000000002,0.5000000000000001,0.5000000000000001,9.629722439836916e-17,59
0.005928099155426025,0.0002949242340811444,0.0021268129348754883,9.87032041236773e-05,0.5,8000,balanced,0.0001,rbf,40000,"{'SVMR__C': 0.5, 'SVMR__cache_size': 8000, 'SVMR__class_weight': 'balanced', 'SVMR__gamma': 0.0001, 'SVMR__kernel': 'rbf', 'SVMR__max_iter': 40000}",0.5,0.5,0.5000000000000002,0.5000000000000001,0.5000000000000001,9.629722439836916e-17,59
0.006155252456665039,0.00018469031789692005,0.0019480586051940918,2.713176979831025e-05,0.5,8000,balanced,0.0005179474679231213,rbf,40000,"{'SVMR__C': 0.5, 'SVMR__cache_size': 8000, 'SVMR__class_weight': 'balanced', 'SVMR__gamma': 0.0005179474679231213, 'SVMR__kernel': 'rbf', 'SVMR__max_iter': 40000}",0.5155947775628625,0.5319148936170214,0.5097823428711179,0.5236131934032985,0.5202331364555918,0.008354556979022985,54
0.005662798881530762,0.00013617087784657507,0.0018497109413146973,0.00017298433471926426,0.5,8000,balanced,0.002682695795279727,rbf,40000,"{'SVMR__C': 0.5, 'SVMR__cache_size': 8000, 'SVMR__class_weight': 'balanced', 'SVMR__gamma': 0.002682695795279727, 'SVMR__kernel': 'rbf', 'SVMR__max_iter': 40000}",0.7282398452611218,0.7636605415860737,0.6688676938126683,0.7648675662168917,0.731400762573772,0.03895271382597179,32
0.0061789751052856445,0.0013003538422438534,0.002557218074798584,0.0004672022813487635,0.5,8000,balanced,0.01389495494373139,rbf,40000,"{'SVMR__C': 0.5, 'SVMR__cache_size': 8000, 'SVMR__class_weight': 'balanced', 'SVMR__gamma': 0.01389495494373139, 'SVMR__kernel': 'rbf', 'SVMR__max_iter': 40000}",0.7388781431334623,0.7587040618955514,0.7131327953044757,0.759745127436282,0.7426061344483094,0.0189250934741968,21
0.0070590972900390625,0.0005958322378524317,0.0022698044776916504,0.0003090903725843605,0.5,8000,balanced,0.07196856730011529,rbf,40000,"{'SVMR__C': 0.5, 'SVMR__cache_size': 8000, 'SVMR__class_weight': 'balanced', 'SVMR__gamma': 0.07196856730011529, 'SVMR__kernel': 'rbf', 'SVMR__max_iter': 40000}",0.7707930367504835,0.7742988394584139,0.6958914159941308,0.7872313843078462,0.7570551715909837,0.03579438578550516,1
0.005956828594207764,0.0001453732114560656,0.001860201358795166,4.04189375936659e-05,0.5,8000,balanced,0.3727593720314938,rbf,40000,"{'SVMR__C': 0.5, 'SVMR__cache_size': 8000, 'SVMR__class_weight': 'balanced', 'SVMR__gamma': 0.3727593720314938, 'SVMR__kernel': 'rbf', 'SVMR__max_iter': 40000}",0.7515715667311412,0.7678916827852998,0.6843971631205676,0.7629935032483759,0.7417409580538353,0.033595067064296304,22
0.006216168403625488,0.00024188199371016732,0.0019342899322509766,9.571503827857008e-05,0.5,8000,balanced,1.9306977288832536,rbf,40000,"{'SVMR__C': 0.5, 'SVMR__cache_size': 8000, 'SVMR__class_weight': 'balanced', 'SVMR__gamma': 1.9306977288832536, 'SVMR__kernel': 'rbf', 'SVMR__max_iter': 40000}",0.6931818181818182,0.7287234042553191,0.6109073123012964,0.6328085957021491,0.6666337581113093,0.04695354202919278,46
0.006064176559448242,0.00022073781707640077,0.0018448829650878906,1.9980984769747588e-05,0.5,8000,balanced,10.0,rbf,40000,"{'SVMR__C': 0.5, 'SVMR__cache_size': 8000, 'SVMR__class_weight': 'balanced', 'SVMR__gamma': 10.0, 'SVMR__kernel': 'rbf', 'SVMR__max_iter': 40000}",0.5,0.5,0.5000000000000002,0.5000000000000001,0.5000000000000001,9.629722439836916e-17,59
0.005987823009490967,0.00015347152044844768,0.001936495304107666,0.00011439997901905039,0.6,8000,balanced,1e-09,rbf,40000,"{'SVMR__C': 0.6, 'SVMR__cache_size': 8000, 'SVMR__class_weight': 'balanced', 'SVMR__gamma': 1e-09, 'SVMR__kernel': 'rbf', 'SVMR__max_iter': 40000}",0.5,0.5,0.5000000000000002,0.5000000000000001,0.5000000000000001,9.629722439836916e-17,59
0.005754053592681885,0.00021023925339860674,0.0019321441650390625,0.00013193587416854047,0.6,8000,balanced,5.179474679231202e-09,rbf,40000,"{'SVMR__C': 0.6, 'SVMR__cache_size': 8000, 'SVMR__class_weight': 'balanced', 'SVMR__gamma': 5.179474679231202e-09, 'SVMR__kernel': 'rbf', 'SVMR__max_iter': 40000}",0.5,0.5,0.5000000000000002,0.5000000000000001,0.5000000000000001,9.629722439836916e-17,59
0.0062729716300964355,0.00048620158347003413,0.001839280128479004,3.387327295317246e-05,0.6,8000,balanced,2.682695795279727e-08,rbf,40000,"{'SVMR__C': 0.6, 'SVMR__cache_size': 8000, 'SVMR__class_weight': 'balanced', 'SVMR__gamma': 2.682695795279727e-08, 'SVMR__kernel': 'rbf', 'SVMR__max_iter': 40000}",0.5,0.5,0.5000000000000002,0.5000000000000001,0.5000000000000001,9.629722439836916e-17,59
0.005909442901611328,5.072912063475899e-05,0.0019342303276062012,0.00012454380185213562,0.6,8000,balanced,1.389495494373136e-07,rbf,40000,"{'SVMR__C': 0.6, 'SVMR__cache_size': 8000, 'SVMR__class_weight': 'balanced', 'SVMR__gamma': 1.389495494373136e-07, 'SVMR__kernel': 'rbf', 'SVMR__max_iter': 40000}",0.5,0.5,0.5000000000000002,0.5000000000000001,0.5000000000000001,9.629722439836916e-17,59
0.005821824073791504,0.0001785539087508918,0.001972019672393799,0.0001327251170403026,0.6,8000,balanced,7.196856730011529e-07,rbf,40000,"{'SVMR__C': 0.6, 'SVMR__cache_size': 8000, 'SVMR__class_weight': 'balanced', 'SVMR__gamma': 7.196856730011529e-07, 'SVMR__kernel': 'rbf', 'SVMR__max_iter': 40000}",0.5,0.5,0.5000000000000002,0.5000000000000001,0.5000000000000001,9.629722439836916e-17,59
0.005985438823699951,0.00030696308149760103,0.001969575881958008,0.00013590705995767985,0.6,8000,balanced,3.727593720314938e-06,rbf,40000,"{'SVMR__C': 0.6, 'SVMR__cache_size': 8000, 'SVMR__class_weight': 'balanced', 'SVMR__gamma': 3.727593720314938e-06, 'SVMR__kernel': 'rbf', 'SVMR__max_iter': 40000}",0.5,0.5,0.5000000000000002,0.5000000000000001,0.5000000000000001,9.629722439836916e-17,59
0.006071686744689941,0.00032307250436960976,0.0020599365234375,0.0001501461706022535,0.6,8000,balanced,1.9306977288832496e-05,rbf,40000,"{'SVMR__C': 0.6, 'SVMR__cache_size': 8000, 'SVMR__class_weight': 'balanced', 'SVMR__gamma': 1.9306977288832496e-05, 'SVMR__kernel': 'rbf', 'SVMR__max_iter': 40000}",0.5,0.5,0.5000000000000002,0.5000000000000001,0.5000000000000001,9.629722439836916e-17,59
0.006201803684234619,8.516823826234851e-05,0.0019010305404663086,5.304599071845518e-05,0.6,8000,balanced,0.0001,rbf,40000,"{'SVMR__C': 0.6, 'SVMR__cache_size': 8000, 'SVMR__class_weight': 'balanced', 'SVMR__gamma': 0.0001, 'SVMR__kernel': 'rbf', 'SVMR__max_iter': 40000}",0.5,0.5,0.5000000000000002,0.5000000000000001,0.5000000000000001,9.629722439836916e-17,59
0.006013035774230957,0.00013540186576488621,0.0018444061279296875,2.9011240603644546e-05,0.6,8000,balanced,0.0005179474679231213,rbf,40000,"{'SVMR__C': 0.6, 'SVMR__cache_size': 8000, 'SVMR__class_weight': 'balanced', 'SVMR__gamma': 0.0005179474679231213, 'SVMR__kernel': 'rbf', 'SVMR__max_iter': 40000}",0.5575435203094777,0.5511363636363636,0.5727561751039376,0.6334332833583209,0.5785246526690371,0.032469504997223154,49
0.005684077739715576,0.0002040340298007953,0.001790463924407959,5.277657249225322e-05,0.6,8000,balanced,0.002682695795279727,rbf,40000,"{'SVMR__C': 0.6, 'SVMR__cache_size': 8000, 'SVMR__class_weight': 'balanced', 'SVMR__gamma': 0.002682695795279727, 'SVMR__kernel': 'rbf', 'SVMR__max_iter': 40000}",0.7225580270793037,0.7636605415860737,0.7024944974321352,0.7648675662168917,0.7383634184964221,0.026808759408049495,26
0.00517803430557251,0.00022743760217252884,0.0016328096389770508,6.434751376326588e-05,0.6,8000,balanced,0.01389495494373139,rbf,40000,"{'SVMR__C': 0.6, 'SVMR__cache_size': 8000, 'SVMR__class_weight': 'balanced', 'SVMR__gamma': 0.01389495494373139, 'SVMR__kernel': 'rbf', 'SVMR__max_iter': 40000}",0.7445599613152803,0.7643858800773694,0.7131327953044757,0.7539980009995004,0.744039510785365,0.019158902761908132,18
0.005223214626312256,0.0002979194162298315,0.0015818476676940918,8.412094974074713e-05,0.6,8000,balanced,0.07196856730011529,rbf,40000,"{'SVMR__C': 0.6, 'SVMR__cache_size': 8000, 'SVMR__class_weight': 'balanced', 'SVMR__gamma': 0.07196856730011529, 'SVMR__kernel': 'rbf', 'SVMR__max_iter': 40000}",0.7821566731141198,0.7742988394584139,0.6795059916850088,0.7866066966516744,0.7556685060293408,0.04413829675902504,2
0.0054305195808410645,8.852562026218848e-05,0.001804947853088379,0.00017013111952153217,0.6,8000,balanced,0.3727593720314938,rbf,40000,"{'SVMR__C': 0.6, 'SVMR__cache_size': 8000, 'SVMR__class_weight': 'balanced', 'SVMR__gamma': 0.3727593720314938, 'SVMR__kernel': 'rbf', 'SVMR__max_iter': 40000}",0.7359767891682786,0.7678916827852998,0.67461482024945,0.7744877561219393,0.73822625920182,0.039470163637057035,27
0.006059885025024414,0.00020488661197890298,0.002001166343688965,0.0001955937475511497,0.6,8000,balanced,1.9306977288832536,rbf,40000,"{'SVMR__C': 0.6, 'SVMR__cache_size': 8000, 'SVMR__class_weight': 'balanced', 'SVMR__gamma': 1.9306977288832536, 'SVMR__kernel': 'rbf', 'SVMR__max_iter': 40000}",0.7180851063829788,0.757857833655706,0.6324284666177553,0.6634182908545729,0.6931701007740407,0.04845541549088419,43
0.006113231182098389,0.00011600765206901493,0.0019245147705078125,8.056872520983724e-05,0.6,8000,balanced,10.0,rbf,40000,"{'SVMR__C': 0.6, 'SVMR__cache_size': 8000, 'SVMR__class_weight': 'balanced', 'SVMR__gamma': 10.0, 'SVMR__kernel': 'rbf', 'SVMR__max_iter': 40000}",0.5,0.5056818181818182,0.5000000000000002,0.5000000000000001,0.5014283900457086,0.0024648639738848364,58
0.005824267864227295,0.0001679885511731815,0.0019231438636779785,0.0001769778539142333,0.7000000000000001,8000,balanced,1e-09,rbf,40000,"{'SVMR__C': 0.7000000000000001, 'SVMR__cache_size': 8000, 'SVMR__class_weight': 'balanced', 'SVMR__gamma': 1e-09, 'SVMR__kernel': 'rbf', 'SVMR__max_iter': 40000}",0.5,0.5,0.5000000000000002,0.5000000000000001,0.5000000000000001,9.629722439836916e-17,59
0.005920350551605225,0.00013620060428640122,0.0019901394844055176,0.00020879209294701864,0.7000000000000001,8000,balanced,5.179474679231202e-09,rbf,40000,"{'SVMR__C': 0.7000000000000001, 'SVMR__cache_size': 8000, 'SVMR__class_weight': 'balanced', 'SVMR__gamma': 5.179474679231202e-09, 'SVMR__kernel': 'rbf', 'SVMR__max_iter': 40000}",0.5,0.5,0.5000000000000002,0.5000000000000001,0.5000000000000001,9.629722439836916e-17,59
0.005971848964691162,0.00020669449624801956,0.0018988847732543945,0.00010530121671279403,0.7000000000000001,8000,balanced,2.682695795279727e-08,rbf,40000,"{'SVMR__C': 0.7000000000000001, 'SVMR__cache_size': 8000, 'SVMR__class_weight': 'balanced', 'SVMR__gamma': 2.682695795279727e-08, 'SVMR__kernel': 'rbf', 'SVMR__max_iter': 40000}",0.5,0.5,0.5000000000000002,0.5000000000000001,0.5000000000000001,9.629722439836916e-17,59
0.005960226058959961,0.00018074432128065436,0.0018624663352966309,5.698487716660435e-05,0.7000000000000001,8000,balanced,1.389495494373136e-07,rbf,40000,"{'SVMR__C': 0.7000000000000001, 'SVMR__cache_size': 8000, 'SVMR__class_weight': 'balanced', 'SVMR__gamma': 1.389495494373136e-07, 'SVMR__kernel': 'rbf', 'SVMR__max_iter': 40000}",0.5,0.5,0.5000000000000002,0.5000000000000001,0.5000000000000001,9.629722439836916e-17,59
0.006054043769836426,0.00011742744332117278,0.0018170475959777832,3.607745613962254e-05,0.7000000000000001,8000,balanced,7.196856730011529e-07,rbf,40000,"{'SVMR__C': 0.7000000000000001, 'SVMR__cache_size': 8000, 'SVMR__class_weight': 'balanced', 'SVMR__gamma': 7.196856730011529e-07, 'SVMR__kernel': 'rbf', 'SVMR__max_iter': 40000}",0.5,0.5,0.5000000000000002,0.5000000000000001,0.5000000000000001,9.629722439836916e-17,59
0.00589597225189209,0.00019910053467696697,0.0019692182540893555,0.00024630061498123664,0.7000000000000001,8000,balanced,3.727593720314938e-06,rbf,40000,"{'SVMR__C': 0.7000000000000001, 'SVMR__cache_size': 8000, 'SVMR__class_weight': 'balanced', 'SVMR__gamma': 3.727593720314938e-06, 'SVMR__kernel': 'rbf', 'SVMR__max_iter': 40000}",0.5,0.5,0.5000000000000002,0.5000000000000001,0.5000000000000001,9.629722439836916e-17,59
0.006023108959197998,0.00012772988891593013,0.001817941665649414,4.13819385312083e-05,0.7000000000000001,8000,balanced,1.9306977288832496e-05,rbf,40000,"{'SVMR__C': 0.7000000000000001, 'SVMR__cache_size': 8000, 'SVMR__class_weight': 'balanced', 'SVMR__gamma': 1.9306977288832496e-05, 'SVMR__kernel': 'rbf', 'SVMR__max_iter': 40000}",0.5,0.5,0.5000000000000002,0.5000000000000001,0.5000000000000001,9.629722439836916e-17,59
0.006248831748962402,0.00034762121760757806,0.0018236637115478516,5.302093644467901e-05,0.7000000000000001,8000,balanced,0.0001,rbf,40000,"{'SVMR__C': 0.7000000000000001, 'SVMR__cache_size': 8000, 'SVMR__class_weight': 'balanced', 'SVMR__gamma': 0.0001, 'SVMR__kernel': 'rbf', 'SVMR__max_iter': 40000}",0.5,0.5,0.5000000000000002,0.5000000000000001,0.5000000000000001,9.629722439836916e-17,59
0.006010472774505615,0.00011860723755839129,0.001935720443725586,0.00010437874447255149,0.7000000000000001,8000,balanced,0.0005179474679231213,rbf,40000,"{'SVMR__C': 0.7000000000000001, 'SVMR__cache_size': 8000, 'SVMR__class_weight': 'balanced', 'SVMR__gamma': 0.0005179474679231213, 'SVMR__kernel': 'rbf', 'SVMR__max_iter': 40000}",0.6775870406189555,0.6719052224371375,0.6814624602592323,0.7215142428785609,0.688005250447222,0.019525179650934376,45
0.005710244178771973,0.00018299309348102926,0.0017563700675964355,3.5889074745778626e-05,0.7000000000000001,8000,balanced,0.002682695795279727,rbf,40000,"{'SVMR__C': 0.7000000000000001, 'SVMR__cache_size': 8000, 'SVMR__class_weight': 'balanced', 'SVMR__gamma': 0.002682695795279727, 'SVMR__kernel': 'rbf', 'SVMR__max_iter': 40000}",0.7396034816247581,0.7636605415860737,0.7082416238689169,0.7648675662168917,0.744082694671776,0.022998844913768364,16
0.006831705570220947,0.001116299305288313,0.002406895160675049,0.0005354401555221075,0.7000000000000001,8000,balanced,0.01389495494373139,rbf,40000,"{'SVMR__C': 0.7000000000000001, 'SVMR__cache_size': 8000, 'SVMR__class_weight': 'balanced', 'SVMR__gamma': 0.01389495494373139, 'SVMR__kernel': 'rbf', 'SVMR__max_iter': 40000}",0.7445599613152803,0.7643858800773694,0.7131327953044757,0.7539980009995004,0.744039510785365,0.019158902761908132,18
0.006714463233947754,0.0007003508831494951,0.002083003520965576,0.0002270207747952505,0.7000000000000001,8000,balanced,0.07196856730011529,rbf,40000,"{'SVMR__C': 0.7000000000000001, 'SVMR__cache_size': 8000, 'SVMR__class_weight': 'balanced', 'SVMR__gamma': 0.07196856730011529, 'SVMR__kernel': 'rbf', 'SVMR__max_iter': 40000}",0.755198259187621,0.7742988394584139,0.6852531181217905,0.7866066966516744,0.750325357169846,0.03915484221608988,8
0.005964994430541992,0.00012193764335432445,0.0018230080604553223,5.324199699781104e-06,0.7000000000000001,8000,balanced,0.3727593720314938,rbf,40000,"{'SVMR__C': 0.7000000000000001, 'SVMR__cache_size': 8000, 'SVMR__class_weight': 'balanced', 'SVMR__gamma': 0.3727593720314938, 'SVMR__kernel': 'rbf', 'SVMR__max_iter': 40000}",0.7147001934235977,0.746615087040619,0.6590853509415507,0.7859820089955025,0.7265001994138527,0.046336616891604294,38
0.006301224231719971,0.00039460066091296986,0.0018409490585327148,7.673310382940945e-05,0.7000000000000001,8000,balanced,1.9306977288832536,rbf,40000,"{'SVMR__C': 0.7000000000000001, 'SVMR__cache_size': 8000, 'SVMR__class_weight': 'balanced', 'SVMR__gamma': 1.9306977288832536, 'SVMR__kernel': 'rbf', 'SVMR__max_iter': 40000}",0.7288442940038685,0.7735735009671181,0.7048178038640257,0.7055222388805599,0.728317403742974,0.02795451520355055,36
0.0059996843338012695,0.00011952008026967717,0.0018999576568603516,6.706664200127697e-05,0.7000000000000001,8000,balanced,10.0,rbf,40000,"{'SVMR__C': 0.7000000000000001, 'SVMR__cache_size': 8000, 'SVMR__class_weight': 'balanced', 'SVMR__gamma': 10.0, 'SVMR__kernel': 'rbf', 'SVMR__max_iter': 40000}",0.5106382978723403,0.5,0.5000000000000002,0.532608695652174,0.5107507015540133,0.01327518086069037,57
0.005770564079284668,0.0002043262871667857,0.0019805431365966797,0.00015812985320503794,0.8,8000,balanced,1e-09,rbf,40000,"{'SVMR__C': 0.8, 'SVMR__cache_size': 8000, 'SVMR__class_weight': 'balanced', 'SVMR__gamma': 1e-09, 'SVMR__kernel': 'rbf', 'SVMR__max_iter': 40000}",0.5,0.5,0.5000000000000002,0.5000000000000001,0.5000000000000001,9.629722439836916e-17,59
0.005662739276885986,0.000189189640041583,0.0018203258514404297,3.555955360460356e-05,0.8,8000,balanced,5.179474679231202e-09,rbf,40000,"{'SVMR__C': 0.8, 'SVMR__cache_size': 8000, 'SVMR__class_weight': 'balanced', 'SVMR__gamma': 5.179474679231202e-09, 'SVMR__kernel': 'rbf', 'SVMR__max_iter': 40000}",0.5,0.5,0.5000000000000002,0.5000000000000001,0.5000000000000001,9.629722439836916e-17,59
0.005903840065002441,0.00031528459288316665,0.0018543601036071777,0.00015432261818858027,0.8,8000,balanced,2.682695795279727e-08,rbf,40000,"{'SVMR__C': 0.8, 'SVMR__cache_size': 8000, 'SVMR__class_weight': 'balanced', 'SVMR__gamma': 2.682695795279727e-08, 'SVMR__kernel': 'rbf', 'SVMR__max_iter': 40000}",0.5,0.5,0.5000000000000002,0.5000000000000001,0.5000000000000001,9.629722439836916e-17,59
0.0061449408531188965,0.00019611050441766892,0.0018564462661743164,4.4779077828487246e-05,0.8,8000,balanced,1.389495494373136e-07,rbf,40000,"{'SVMR__C': 0.8, 'SVMR__cache_size': 8000, 'SVMR__class_weight': 'balanced', 'SVMR__gamma': 1.389495494373136e-07, 'SVMR__kernel': 'rbf', 'SVMR__max_iter': 40000}",0.5,0.5,0.5000000000000002,0.5000000000000001,0.5000000000000001,9.629722439836916e-17,59
0.006022274494171143,0.0002749087375156993,0.0020514726638793945,0.00014009952253036105,0.8,8000,balanced,7.196856730011529e-07,rbf,40000,"{'SVMR__C': 0.8, 'SVMR__cache_size': 8000, 'SVMR__class_weight': 'balanced', 'SVMR__gamma': 7.196856730011529e-07, 'SVMR__kernel': 'rbf', 'SVMR__max_iter': 40000}",0.5,0.5,0.5000000000000002,0.5000000000000001,0.5000000000000001,9.629722439836916e-17,59
0.005852878093719482,6.202077386442774e-05,0.002022266387939453,0.00018817940602609175,0.8,8000,balanced,3.727593720314938e-06,rbf,40000,"{'SVMR__C': 0.8, 'SVMR__cache_size': 8000, 'SVMR__class_weight': 'balanced', 'SVMR__gamma': 3.727593720314938e-06, 'SVMR__kernel': 'rbf', 'SVMR__max_iter': 40000}",0.5,0.5,0.5000000000000002,0.5000000000000001,0.5000000000000001,9.629722439836916e-17,59
0.005619049072265625,7.639985630884813e-05,0.001934647560119629,8.05682842541945e-05,0.8,8000,balanced,1.9306977288832496e-05,rbf,40000,"{'SVMR__C': 0.8, 'SVMR__cache_size': 8000, 'SVMR__class_weight': 'balanced', 'SVMR__gamma': 1.9306977288832496e-05, 'SVMR__kernel': 'rbf', 'SVMR__max_iter': 40000}",0.5,0.5,0.5000000000000002,0.5000000000000001,0.5000000000000001,9.629722439836916e-17,59
0.00759124755859375,0.0008343528263409735,0.0025333166122436523,0.00034209022299609335,0.8,8000,balanced,0.0001,rbf,40000,"{'SVMR__C': 0.8, 'SVMR__cache_size': 8000, 'SVMR__class_weight': 'balanced', 'SVMR__gamma': 0.0001, 'SVMR__kernel': 'rbf', 'SVMR__max_iter': 40000}",0.5,0.5,0.5000000000000002,0.5000000000000001,0.5000000000000001,9.629722439836916e-17,59
0.009150087833404541,0.00022070996340358592,0.003119230270385742,3.6190573851229655e-05,0.8,8000,balanced,0.0005179474679231213,rbf,40000,"{'SVMR__C': 0.8, 'SVMR__cache_size': 8000, 'SVMR__class_weight': 'balanced', 'SVMR__gamma': 0.0005179474679231213, 'SVMR__kernel': 'rbf', 'SVMR__max_iter': 40000}",0.7055125725338491,0.7572533849129595,0.6958914159941308,0.7527486256871566,0.7278182890408277,0.02740780702641422,37
0.007815003395080566,0.000780731288855328,0.0024657845497131348,0.0003759486932945709,0.8,8000,balanced,0.002682695795279727,rbf,40000,"{'SVMR__C': 0.8, 'SVMR__cache_size': 8000, 'SVMR__class_weight': 'balanced', 'SVMR__gamma': 0.002682695795279727, 'SVMR__kernel': 'rbf', 'SVMR__max_iter': 40000}",0.7502417794970987,0.7693423597678917,0.7082416238689169,0.7597451274362821,0.7469168311885178,0.023306919871214138,11
0.0054839253425598145,8.834226775640924e-05,0.0017392635345458984,3.1958318610051565e-05,0.8,8000,balanced,0.01389495494373139,rbf,40000,"{'SVMR__C': 0.8, 'SVMR__cache_size': 8000, 'SVMR__class_weight': 'balanced', 'SVMR__gamma': 0.01389495494373139, 'SVMR__kernel': 'rbf', 'SVMR__max_iter': 40000}",0.7502417794970987,0.7643858800773694,0.7131327953044757,0.7591204397801101,0.7467365867860475,0.02002895805584187,12
0.004962801933288574,0.0003172711066687938,0.0015175938606262207,6.824861966687214e-05,0.8,8000,balanced,0.07196856730011529,rbf,40000,"{'SVMR__C': 0.8, 'SVMR__cache_size': 8000, 'SVMR__class_weight': 'balanced', 'SVMR__gamma': 0.07196856730011529, 'SVMR__kernel': 'rbf', 'SVMR__max_iter': 40000}",0.7658365570599612,0.7742988394584139,0.6697236488138911,0.7866066966516744,0.7491246520031933,0.046375451146524145,9
0.005647003650665283,0.0001529584214490634,0.0016461014747619629,4.229910294798023e-05,0.8,8000,balanced,0.3727593720314938,rbf,40000,"{'SVMR__C': 0.8, 'SVMR__cache_size': 8000, 'SVMR__class_weight': 'balanced', 'SVMR__gamma': 0.3727593720314938, 'SVMR__kernel': 'rbf', 'SVMR__max_iter': 40000}",0.7047872340425532,0.7579787234042553,0.6386647101980927,0.7808595702148927,0.7205005554198218,0.05466870890224354,41
0.006354391574859619,0.00017609745182724075,0.0019302964210510254,0.00010777381832426897,0.8,8000,balanced,1.9306977288832536,rbf,40000,"{'SVMR__C': 0.8, 'SVMR__cache_size': 8000, 'SVMR__class_weight': 'balanced', 'SVMR__gamma': 1.9306977288832536, 'SVMR__kernel': 'rbf', 'SVMR__max_iter': 40000}",0.5772485493230174,0.5275628626692457,0.5931768158473957,0.6049475262368817,0.5755926535046775,0.029516172568262007,50
0.005931258201599121,0.0001520991414138369,0.002035677433013916,0.0001454219826644367,0.8,8000,balanced,10.0,rbf,40000,"{'SVMR__C': 0.8, 'SVMR__cache_size': 8000, 'SVMR__class_weight': 'balanced', 'SVMR__gamma': 10.0, 'SVMR__kernel': 'rbf', 'SVMR__max_iter': 40000}",0.5,0.5,0.5000000000000002,0.5000000000000001,0.5000000000000001,9.629722439836916e-17,59
0.005860090255737305,0.00013506291507606554,0.0019918084144592285,0.00015407175792957244,0.9,8000,balanced,1e-09,rbf,40000,"{'SVMR__C': 0.9, 'SVMR__cache_size': 8000, 'SVMR__class_weight': 'balanced', 'SVMR__gamma': 1e-09, 'SVMR__kernel': 'rbf', 'SVMR__max_iter': 40000}",0.5,0.5,0.5000000000000002,0.5000000000000001,0.5000000000000001,9.629722439836916e-17,59
0.005693376064300537,5.1327144364985324e-05,0.001955389976501465,0.0001806307131025402,0.9,8000,balanced,5.179474679231202e-09,rbf,40000,"{'SVMR__C': 0.9, 'SVMR__cache_size': 8000, 'SVMR__class_weight': 'balanced', 'SVMR__gamma': 5.179474679231202e-09, 'SVMR__kernel': 'rbf', 'SVMR__max_iter': 40000}",0.5,0.5,0.5000000000000002,0.5000000000000001,0.5000000000000001,9.629722439836916e-17,59
0.005805552005767822,9.839228499244582e-05,0.0019466876983642578,0.00014340387012530718,0.9,8000,balanced,2.682695795279727e-08,rbf,40000,"{'SVMR__C': 0.9, 'SVMR__cache_size': 8000, 'SVMR__class_weight': 'balanced', 'SVMR__gamma': 2.682695795279727e-08, 'SVMR__kernel': 'rbf', 'SVMR__max_iter': 40000}",0.5,0.5,0.5000000000000002,0.5000000000000001,0.5000000000000001,9.629722439836916e-17,59
0.005913853645324707,0.00016840475711402117,0.0020009875297546387,0.00017862654841377325,0.9,8000,balanced,1.389495494373136e-07,rbf,40000,"{'SVMR__C': 0.9, 'SVMR__cache_size': 8000, 'SVMR__class_weight': 'balanced', 'SVMR__gamma': 1.389495494373136e-07, 'SVMR__kernel': 'rbf', 'SVMR__max_iter': 40000}",0.5,0.5,0.5000000000000002,0.5000000000000001,0.5000000000000001,9.629722439836916e-17,59
0.005739748477935791,5.925322290035238e-05,0.0019940733909606934,0.0001572164339619454,0.9,8000,balanced,7.196856730011529e-07,rbf,40000,"{'SVMR__C': 0.9, 'SVMR__cache_size': 8000, 'SVMR__class_weight': 'balanced', 'SVMR__gamma': 7.196856730011529e-07, 'SVMR__kernel': 'rbf', 'SVMR__max_iter': 40000}",0.5,0.5,0.5000000000000002,0.5000000000000001,0.5000000000000001,9.629722439836916e-17,59
0.005722343921661377,0.00010392812925074044,0.0019359588623046875,0.00010481079779132913,0.9,8000,balanced,3.727593720314938e-06,rbf,40000,"{'SVMR__C': 0.9, 'SVMR__cache_size': 8000, 'SVMR__class_weight': 'balanced', 'SVMR__gamma': 3.727593720314938e-06, 'SVMR__kernel': 'rbf', 'SVMR__max_iter': 40000}",0.5,0.5,0.5000000000000002,0.5000000000000001,0.5000000000000001,9.629722439836916e-17,59
0.006145060062408447,0.00015898911931669151,0.002018153667449951,0.00014561104859011557,0.9,8000,balanced,1.9306977288832496e-05,rbf,40000,"{'SVMR__C': 0.9, 'SVMR__cache_size': 8000, 'SVMR__class_weight': 'balanced', 'SVMR__gamma': 1.9306977288832496e-05, 'SVMR__kernel': 'rbf', 'SVMR__max_iter': 40000}",0.5,0.5,0.5000000000000002,0.5000000000000001,0.5000000000000001,9.629722439836916e-17,59
0.006064474582672119,0.00028082046969363705,0.00196152925491333,0.00013170963663553084,0.9,8000,balanced,0.0001,rbf,40000,"{'SVMR__C': 0.9, 'SVMR__cache_size': 8000, 'SVMR__class_weight': 'balanced', 'SVMR__gamma': 0.0001, 'SVMR__kernel': 'rbf', 'SVMR__max_iter': 40000}",0.5,0.5,0.5000000000000002,0.5000000000000001,0.5000000000000001,9.629722439836916e-17,59
0.0069127678871154785,0.0016056490459753923,0.0023070573806762695,0.0005099743172652696,0.9,8000,balanced,0.0005179474679231213,rbf,40000,"{'SVMR__C': 0.9, 'SVMR__cache_size': 8000, 'SVMR__class_weight': 'balanced', 'SVMR__gamma': 0.0005179474679231213, 'SVMR__kernel': 'rbf', 'SVMR__max_iter': 40000}",0.7203820116054159,0.7565280464216635,0.7163120567375889,0.7527486256871566,0.7364697218861908,0.018254824377464177,30
0.00766444206237793,0.0005506219402134155,0.002596557140350342,0.00025408667284244066,0.9,8000,balanced,0.002682695795279727,rbf,40000,"{'SVMR__C': 0.9, 'SVMR__cache_size': 8000, 'SVMR__class_weight': 'balanced', 'SVMR__gamma': 0.002682695795279727, 'SVMR__kernel': 'rbf', 'SVMR__max_iter': 40000}",0.7445599613152803,0.7693423597678917,0.7024944974321352,0.7597451274362821,0.7440543351045807,0.02555007870577205,17
0.005596339702606201,0.0003482173899292045,0.0017644762992858887,3.949746659048504e-05,0.9,8000,balanced,0.01389495494373139,rbf,40000,"{'SVMR__C': 0.9, 'SVMR__cache_size': 8000, 'SVMR__class_weight': 'balanced', 'SVMR__gamma': 0.01389495494373139, 'SVMR__kernel': 'rbf', 'SVMR__max_iter': 40000}",0.7396034816247581,0.7643858800773694,0.7131327953044757,0.7482508745627188,0.741370064650705,0.01856467521723443,23
0.005150437355041504,0.00015971166614751718,0.0015761256217956543,5.634638012759273e-05,0.9,8000,balanced,0.07196856730011529,rbf,40000,"{'SVMR__C': 0.9, 'SVMR__cache_size': 8000, 'SVMR__class_weight': 'balanced', 'SVMR__gamma': 0.07196856730011529, 'SVMR__kernel': 'rbf', 'SVMR__max_iter': 40000}",0.760880077369439,0.7799806576402322,0.686965028124236,0.7866066966516744,0.7536093177832885,0.03957389116113697,3
0.0057672858238220215,3.875837571900569e-05,0.0016530752182006836,9.308253391404137e-06,0.9,8000,balanced,0.3727593720314938,rbf,40000,"{'SVMR__C': 0.9, 'SVMR__cache_size': 8000, 'SVMR__class_weight': 'balanced', 'SVMR__gamma': 0.3727593720314938, 'SVMR__kernel': 'rbf', 'SVMR__max_iter': 40000}",0.7211073500967118,0.7579787234042553,0.6337735387625338,0.792353823088456,0.7262296696230441,0.05895746040246117,39
0.006863892078399658,0.00018958133141818172,0.0018339753150939941,6.969113626678522e-05,0.9,8000,balanced,1.9306977288832536,rbf,40000,"{'SVMR__C': 0.9, 'SVMR__cache_size': 8000, 'SVMR__class_weight': 'balanced', 'SVMR__gamma': 1.9306977288832536, 'SVMR__kernel': 'rbf', 'SVMR__max_iter': 40000}",0.5084622823984526,0.5183752417794972,0.5563707507948156,0.5742128935532236,0.5391937825197528,0.026902382192042742,52
0.006505012512207031,0.00020115697806592078,0.0020299553871154785,0.00016058490213406398,0.9,8000,balanced,10.0,rbf,40000,"{'SVMR__C': 0.9, 'SVMR__cache_size': 8000, 'SVMR__class_weight': 'balanced', 'SVMR__gamma': 10.0, 'SVMR__kernel': 'rbf', 'SVMR__max_iter': 40000}",0.5,0.5,0.5000000000000002,0.5000000000000001,0.5000000000000001,9.629722439836916e-17,59
0.005874514579772949,0.00022473056907030685,0.0020357370376586914,0.00031717201374897673,1.0,8000,balanced,1e-09,rbf,40000,"{'SVMR__C': 1.0, 'SVMR__cache_size': 8000, 'SVMR__class_weight': 'balanced', 'SVMR__gamma': 1e-09, 'SVMR__kernel': 'rbf', 'SVMR__max_iter': 40000}",0.5,0.5,0.5000000000000002,0.5000000000000001,0.5000000000000001,9.629722439836916e-17,59
0.006127655506134033,0.00014335266513490946,0.0018743276596069336,2.9814002609196407e-05,1.0,8000,balanced,5.179474679231202e-09,rbf,40000,"{'SVMR__C': 1.0, 'SVMR__cache_size': 8000, 'SVMR__class_weight': 'balanced', 'SVMR__gamma': 5.179474679231202e-09, 'SVMR__kernel': 'rbf', 'SVMR__max_iter': 40000}",0.5,0.5,0.5000000000000002,0.5000000000000001,0.5000000000000001,9.629722439836916e-17,59
0.005867421627044678,0.00014554779353807495,0.0018386244773864746,8.649886754983745e-05,1.0,8000,balanced,2.682695795279727e-08,rbf,40000,"{'SVMR__C': 1.0, 'SVMR__cache_size': 8000, 'SVMR__class_weight': 'balanced', 'SVMR__gamma': 2.682695795279727e-08, 'SVMR__kernel': 'rbf', 'SVMR__max_iter': 40000}",0.5,0.5,0.5000000000000002,0.5000000000000001,0.5000000000000001,9.629722439836916e-17,59
0.006151258945465088,0.00028184370627510317,0.0019032955169677734,4.948894366458809e-05,1.0,8000,balanced,1.389495494373136e-07,rbf,40000,"{'SVMR__C': 1.0, 'SVMR__cache_size': 8000, 'SVMR__class_weight': 'balanced', 'SVMR__gamma': 1.389495494373136e-07, 'SVMR__kernel': 'rbf', 'SVMR__max_iter': 40000}",0.5,0.5,0.5000000000000002,0.5000000000000001,0.5000000000000001,9.629722439836916e-17,59
0.005949974060058594,0.00015746360426549598,0.001830756664276123,2.0580354031768182e-05,1.0,8000,balanced,7.196856730011529e-07,rbf,40000,"{'SVMR__C': 1.0, 'SVMR__cache_size': 8000, 'SVMR__class_weight': 'balanced', 'SVMR__gamma': 7.196856730011529e-07, 'SVMR__kernel': 'rbf', 'SVMR__max_iter': 40000}",0.5,0.5,0.5000000000000002,0.5000000000000001,0.5000000000000001,9.629722439836916e-17,59
0.006080985069274902,0.00020131173835827374,0.0018683075904846191,0.00010684935171847737,1.0,8000,balanced,3.727593720314938e-06,rbf,40000,"{'SVMR__C': 1.0, 'SVMR__cache_size': 8000, 'SVMR__class_weight': 'balanced', 'SVMR__gamma': 3.727593720314938e-06, 'SVMR__kernel': 'rbf', 'SVMR__max_iter': 40000}",0.5,0.5,0.5000000000000002,0.5000000000000001,0.5000000000000001,9.629722439836916e-17,59
0.006129443645477295,0.00018299207421858588,0.0018480420112609863,3.116240048920574e-05,1.0,8000,balanced,1.9306977288832496e-05,rbf,40000,"{'SVMR__C': 1.0, 'SVMR__cache_size': 8000, 'SVMR__class_weight': 'balanced', 'SVMR__gamma': 1.9306977288832496e-05, 'SVMR__kernel': 'rbf', 'SVMR__max_iter': 40000}",0.5,0.5,0.5000000000000002,0.5000000000000001,0.5000000000000001,9.629722439836916e-17,59
0.006085097789764404,0.0002116343555013892,0.001868903636932373,5.348350383113112e-05,1.0,8000,balanced,0.0001,rbf,40000,"{'SVMR__C': 1.0, 'SVMR__cache_size': 8000, 'SVMR__class_weight': 'balanced', 'SVMR__gamma': 0.0001, 'SVMR__kernel': 'rbf', 'SVMR__max_iter': 40000}",0.5,0.5,0.5000000000000002,0.5000000000000001,0.5000000000000001,9.629722439836916e-17,59
0.006006777286529541,0.0001194735667274109,0.001833796501159668,9.084490935903726e-05,1.0,8000,balanced,0.0005179474679231213,rbf,40000,"{'SVMR__C': 1.0, 'SVMR__cache_size': 8000, 'SVMR__class_weight': 'balanced', 'SVMR__gamma': 0.0005179474679231213, 'SVMR__kernel': 'rbf', 'SVMR__max_iter': 40000}",0.7282398452611218,0.7622098646034817,0.6918561995597947,0.7527486256871566,0.7337709660877575,0.027177323660769838,31
0.0057639479637146,0.000389879421580504,0.001961231231689453,0.00029305983665026147,1.0,8000,balanced,0.002682695795279727,rbf,40000,"{'SVMR__C': 1.0, 'SVMR__cache_size': 8000, 'SVMR__class_weight': 'balanced', 'SVMR__gamma': 0.002682695795279727, 'SVMR__kernel': 'rbf', 'SVMR__max_iter': 40000}",0.7495164410058026,0.7693423597678917,0.7131327953044757,0.7597451274362821,0.747954999300324,0.02127479123227363,10
0.007052719593048096,0.0005175937042711157,0.0024797916412353516,0.00017069313384069105,1.0,8000,balanced,0.01389495494373139,rbf,40000,"{'SVMR__C': 1.0, 'SVMR__cache_size': 8000, 'SVMR__class_weight': 'balanced', 'SVMR__gamma': 0.01389495494373139, 'SVMR__kernel': 'rbf', 'SVMR__max_iter': 40000}",0.7396034816247581,0.7643858800773694,0.7188799217412573,0.7482508745627188,0.7428041706889336,0.01642686876957809,20
0.0076805949211120605,0.0001474080950359582,0.0026202797889709473,5.206604751287513e-05,1.0,8000,balanced,0.07196856730011529,rbf,40000,"{'SVMR__C': 1.0, 'SVMR__cache_size': 8000, 'SVMR__class_weight': 'balanced', 'SVMR__gamma': 0.07196856730011529, 'SVMR__kernel': 'rbf', 'SVMR__max_iter': 40000}",0.760880077369439,0.7799806576402322,0.670579603815114,0.792353823088456,0.7509439936839767,0.04767685857895955,7
0.007782101631164551,0.0009242904007892476,0.0022820234298706055,0.00031160795237484797,1.0,8000,balanced,0.3727593720314938,rbf,40000,"{'SVMR__C': 1.0, 'SVMR__cache_size': 8000, 'SVMR__class_weight': 'balanced', 'SVMR__gamma': 0.3727593720314938, 'SVMR__kernel': 'rbf', 'SVMR__max_iter': 40000}",0.7161508704061896,0.7473404255319149,0.6337735387625338,0.7866066966516743,0.7208857910623767,0.056079711954542914,40
0.007347762584686279,9.034623063226691e-05,0.002014458179473877,6.373370008492773e-05,1.0,8000,balanced,1.9306977288832536,rbf,40000,"{'SVMR__C': 1.0, 'SVMR__cache_size': 8000, 'SVMR__class_weight': 'balanced', 'SVMR__gamma': 1.9306977288832536, 'SVMR__kernel': 'rbf', 'SVMR__max_iter': 40000}",0.49782398452611215,0.519100580270793,0.5195646857422356,0.5582208895552225,0.5235565408712968,0.021749507298986965,53
0.007341265678405762,4.559050143944636e-05,0.0018426775932312012,1.953896259298899e-05,1.0,8000,balanced,10.0,rbf,40000,"{'SVMR__C': 1.0, 'SVMR__cache_size': 8000, 'SVMR__class_weight': 'balanced', 'SVMR__gamma': 10.0, 'SVMR__kernel': 'rbf', 'SVMR__max_iter': 40000}",0.5,0.5,0.5000000000000002,0.5000000000000001,0.5000000000000001,9.629722439836916e-17,59
