mean_fit_time,std_fit_time,mean_score_time,std_score_time,param_SVMS__C,param_SVMS__cache_size,param_SVMS__class_weight,param_SVMS__coef0,param_SVMS__gamma,param_SVMS__kernel,param_SVMS__max_iter,params,split0_test_score,split1_test_score,split2_test_score,split3_test_score,split4_test_score,mean_test_score,std_test_score,rank_test_score
0.0194425106048584,0.0008453939480812871,0.003200340270996094,0.00019007224379392497,0.1,8000,balanced,0,1e-09,sigmoid,40000,"{'SVMS__C': 0.1, 'SVMS__cache_size': 8000, 'SVMS__class_weight': 'balanced', 'SVMS__coef0': 0, 'SVMS__gamma': 1e-09, 'SVMS__kernel': 'sigmoid', 'SVMS__max_iter': 40000}",0.3333333333333334,0.3333333333333334,0.3333333333333334,0.33333333333333326,0.3333333333333333,0.33333333333333337,7.014000894662208e-17,90
0.02265138626098633,0.002215796034167423,0.0036743640899658202,0.00029054226863265515,0.1,8000,balanced,0,1.2915496650148827e-08,sigmoid,40000,"{'SVMS__C': 0.1, 'SVMS__cache_size': 8000, 'SVMS__class_weight': 'balanced', 'SVMS__coef0': 0, 'SVMS__gamma': 1.2915496650148827e-08, 'SVMS__kernel': 'sigmoid', 'SVMS__max_iter': 40000}",0.3333333333333334,0.3333333333333334,0.3333333333333334,0.33333333333333326,0.3333333333333333,0.33333333333333337,7.014000894662208e-17,90
0.01934962272644043,0.00011516416020469812,0.0032570362091064453,5.033738411101016e-05,0.1,8000,balanced,0,1.668100537200059e-07,sigmoid,40000,"{'SVMS__C': 0.1, 'SVMS__cache_size': 8000, 'SVMS__class_weight': 'balanced', 'SVMS__coef0': 0, 'SVMS__gamma': 1.668100537200059e-07, 'SVMS__kernel': 'sigmoid', 'SVMS__max_iter': 40000}",0.3333333333333334,0.3333333333333334,0.3333333333333334,0.33333333333333326,0.3333333333333333,0.33333333333333337,7.014000894662208e-17,90
0.019340658187866212,0.00026294768193767525,0.003224611282348633,4.2593330686787154e-05,0.1,8000,balanced,0,2.1544346900318865e-06,sigmoid,40000,"{'SVMS__C': 0.1, 'SVMS__cache_size': 8000, 'SVMS__class_weight': 'balanced', 'SVMS__coef0': 0, 'SVMS__gamma': 2.1544346900318865e-06, 'SVMS__kernel': 'sigmoid', 'SVMS__max_iter': 40000}",0.3333333333333334,0.3333333333333334,0.3333333333333334,0.33333333333333326,0.3333333333333333,0.33333333333333337,7.014000894662208e-17,90
0.019516706466674805,0.00016237330999475385,0.0032713890075683595,6.002798423459451e-05,0.1,8000,balanced,0,2.782559402207126e-05,sigmoid,40000,"{'SVMS__C': 0.1, 'SVMS__cache_size': 8000, 'SVMS__class_weight': 'balanced', 'SVMS__coef0': 0, 'SVMS__gamma': 2.782559402207126e-05, 'SVMS__kernel': 'sigmoid', 'SVMS__max_iter': 40000}",0.3333333333333334,0.3333333333333334,0.3333333333333334,0.33333333333333326,0.3333333333333333,0.33333333333333337,7.014000894662208e-17,90
0.019379806518554688,0.00031315288466277937,0.0034202098846435546,0.00023897928109767238,0.1,8000,balanced,0,0.00035938136638046257,sigmoid,40000,"{'SVMS__C': 0.1, 'SVMS__cache_size': 8000, 'SVMS__class_weight': 'balanced', 'SVMS__coef0': 0, 'SVMS__gamma': 0.00035938136638046257, 'SVMS__kernel': 'sigmoid', 'SVMS__max_iter': 40000}",0.3333333333333334,0.3333333333333334,0.3333333333333334,0.33333333333333326,0.3333333333333333,0.33333333333333337,7.014000894662208e-17,90
0.018759536743164062,0.00022212676854093085,0.003199148178100586,6.506536940179545e-05,0.1,8000,balanced,0,0.004641588833612782,sigmoid,40000,"{'SVMS__C': 0.1, 'SVMS__cache_size': 8000, 'SVMS__class_weight': 'balanced', 'SVMS__coef0': 0, 'SVMS__gamma': 0.004641588833612782, 'SVMS__kernel': 'sigmoid', 'SVMS__max_iter': 40000}",0.3333333333333334,0.3333333333333334,0.3333333333333334,0.33333333333333326,0.3333333333333333,0.33333333333333337,7.014000894662208e-17,90
0.024834966659545897,0.00036688653522158577,0.00438995361328125,0.000248581727778684,0.1,8000,balanced,0,0.05994842503189421,sigmoid,40000,"{'SVMS__C': 0.1, 'SVMS__cache_size': 8000, 'SVMS__class_weight': 'balanced', 'SVMS__coef0': 0, 'SVMS__gamma': 0.05994842503189421, 'SVMS__kernel': 'sigmoid', 'SVMS__max_iter': 40000}",0.46007056379396816,0.4621122573250234,0.5277509133892113,0.5121430161999665,0.49863608528642206,0.49209117250039536,0.027019967827065484,6
0.02628469467163086,0.000572808304833595,0.004892206192016602,0.0008641366544100471,0.1,8000,balanced,0,0.7742636826811278,sigmoid,40000,"{'SVMS__C': 0.1, 'SVMS__cache_size': 8000, 'SVMS__class_weight': 'balanced', 'SVMS__coef0': 0, 'SVMS__gamma': 0.7742636826811278, 'SVMS__kernel': 'sigmoid', 'SVMS__max_iter': 40000}",0.43073465147933243,0.3855308403180745,0.38403538935453835,0.4325001391749708,0.3896922377479634,0.40447305496377717,0.022226167847563944,40
0.022770786285400392,0.001990854094540239,0.004494094848632812,0.0003697864814077096,0.1,8000,balanced,0,10.0,sigmoid,40000,"{'SVMS__C': 0.1, 'SVMS__cache_size': 8000, 'SVMS__class_weight': 'balanced', 'SVMS__coef0': 0, 'SVMS__gamma': 10.0, 'SVMS__kernel': 'sigmoid', 'SVMS__max_iter': 40000}",0.4333852711512287,0.4251558134536859,0.3935722472956517,0.4334094156506893,0.3821976655718235,0.41356635436860556,0.021448492560650154,37
0.024463367462158204,0.0002309422044809848,0.004239988327026367,0.00021653381691936414,0.1,8000,balanced,1,1e-09,sigmoid,40000,"{'SVMS__C': 0.1, 'SVMS__cache_size': 8000, 'SVMS__class_weight': 'balanced', 'SVMS__coef0': 1, 'SVMS__gamma': 1e-09, 'SVMS__kernel': 'sigmoid', 'SVMS__max_iter': 40000}",0.3333333333333334,0.3333333333333334,0.3333333333333334,0.33333333333333326,0.3333333333333333,0.33333333333333337,7.014000894662208e-17,90
0.025662803649902345,0.00022712493166041772,0.004164648056030273,0.00014613759012584786,0.1,8000,balanced,1,1.2915496650148827e-08,sigmoid,40000,"{'SVMS__C': 0.1, 'SVMS__cache_size': 8000, 'SVMS__class_weight': 'balanced', 'SVMS__coef0': 1, 'SVMS__gamma': 1.2915496650148827e-08, 'SVMS__kernel': 'sigmoid', 'SVMS__max_iter': 40000}",0.3333333333333334,0.3333333333333334,0.3333333333333334,0.33333333333333326,0.3333333333333333,0.33333333333333337,7.014000894662208e-17,90
0.026370906829833986,0.0006551234393562409,0.004522895812988282,0.0003299984135276384,0.1,8000,balanced,1,1.668100537200059e-07,sigmoid,40000,"{'SVMS__C': 0.1, 'SVMS__cache_size': 8000, 'SVMS__class_weight': 'balanced', 'SVMS__coef0': 1, 'SVMS__gamma': 1.668100537200059e-07, 'SVMS__kernel': 'sigmoid', 'SVMS__max_iter': 40000}",0.3333333333333334,0.3333333333333334,0.3333333333333334,0.33333333333333326,0.3333333333333333,0.33333333333333337,7.014000894662208e-17,90
0.02552142143249512,8.567884046586679e-05,0.004122209548950195,5.684698931826995e-05,0.1,8000,balanced,1,2.1544346900318865e-06,sigmoid,40000,"{'SVMS__C': 0.1, 'SVMS__cache_size': 8000, 'SVMS__class_weight': 'balanced', 'SVMS__coef0': 1, 'SVMS__gamma': 2.1544346900318865e-06, 'SVMS__kernel': 'sigmoid', 'SVMS__max_iter': 40000}",0.3333333333333334,0.3333333333333334,0.3333333333333334,0.33333333333333326,0.3333333333333333,0.33333333333333337,7.014000894662208e-17,90
0.02569446563720703,0.00038396799868127253,0.004225921630859375,0.0001820478092589866,0.1,8000,balanced,1,2.782559402207126e-05,sigmoid,40000,"{'SVMS__C': 0.1, 'SVMS__cache_size': 8000, 'SVMS__class_weight': 'balanced', 'SVMS__coef0': 1, 'SVMS__gamma': 2.782559402207126e-05, 'SVMS__kernel': 'sigmoid', 'SVMS__max_iter': 40000}",0.3333333333333334,0.3333333333333334,0.3333333333333334,0.33333333333333326,0.3333333333333333,0.33333333333333337,7.014000894662208e-17,90
0.026755619049072265,0.0011941348173701706,0.004809331893920898,0.0011066242398432523,0.1,8000,balanced,1,0.00035938136638046257,sigmoid,40000,"{'SVMS__C': 0.1, 'SVMS__cache_size': 8000, 'SVMS__class_weight': 'balanced', 'SVMS__coef0': 1, 'SVMS__gamma': 0.00035938136638046257, 'SVMS__kernel': 'sigmoid', 'SVMS__max_iter': 40000}",0.3333333333333334,0.3333333333333334,0.3333333333333334,0.33333333333333326,0.3333333333333333,0.33333333333333337,7.014000894662208e-17,90
0.02535591125488281,0.00046450006002580764,0.004110908508300782,0.0001424882941898758,0.1,8000,balanced,1,0.004641588833612782,sigmoid,40000,"{'SVMS__C': 0.1, 'SVMS__cache_size': 8000, 'SVMS__class_weight': 'balanced', 'SVMS__coef0': 1, 'SVMS__gamma': 0.004641588833612782, 'SVMS__kernel': 'sigmoid', 'SVMS__max_iter': 40000}",0.3333333333333334,0.3333333333333334,0.3333333333333334,0.33333333333333326,0.3333333333333333,0.33333333333333337,7.014000894662208e-17,90
0.024675369262695312,0.00027809644264183966,0.004154872894287109,8.898008799533992e-05,0.1,8000,balanced,1,0.05994842503189421,sigmoid,40000,"{'SVMS__C': 0.1, 'SVMS__cache_size': 8000, 'SVMS__class_weight': 'balanced', 'SVMS__coef0': 1, 'SVMS__gamma': 0.05994842503189421, 'SVMS__kernel': 'sigmoid', 'SVMS__max_iter': 40000}",0.486567805716742,0.4464144996059891,0.5133784655061251,0.4942706303698342,0.48134127558499884,0.48438129998284585,0.021919787054767083,15
0.02799201011657715,0.0006348497715812651,0.004480934143066407,0.00015332740158727649,0.1,8000,balanced,1,0.7742636826811278,sigmoid,40000,"{'SVMS__C': 0.1, 'SVMS__cache_size': 8000, 'SVMS__class_weight': 'balanced', 'SVMS__coef0': 1, 'SVMS__gamma': 0.7742636826811278, 'SVMS__kernel': 'sigmoid', 'SVMS__max_iter': 40000}",0.33498101583207984,0.38551293072569687,0.35449351672755947,0.3722304180816121,0.3588023529848392,0.3611873161674948,0.01706072737478957,68
0.022693920135498046,0.0012488067251251692,0.004575252532958984,0.0003200390907012966,0.1,8000,balanced,1,10.0,sigmoid,40000,"{'SVMS__C': 0.1, 'SVMS__cache_size': 8000, 'SVMS__class_weight': 'balanced', 'SVMS__coef0': 1, 'SVMS__gamma': 10.0, 'SVMS__kernel': 'sigmoid', 'SVMS__max_iter': 40000}",0.4241886954652913,0.3949781502972994,0.38490400458485574,0.3666147080109112,0.40409452764014914,0.39499326802171564,0.01918788748314424,50
0.01754755973815918,0.0001607934491992496,0.0029012203216552735,7.513849182107766e-05,0.2,8000,balanced,0,1e-09,sigmoid,40000,"{'SVMS__C': 0.2, 'SVMS__cache_size': 8000, 'SVMS__class_weight': 'balanced', 'SVMS__coef0': 0, 'SVMS__gamma': 1e-09, 'SVMS__kernel': 'sigmoid', 'SVMS__max_iter': 40000}",0.3333333333333334,0.3333333333333334,0.3333333333333334,0.33333333333333326,0.3333333333333333,0.33333333333333337,7.014000894662208e-17,90
0.020737981796264647,0.0005717730007130887,0.003470039367675781,5.2765559773614675e-05,0.2,8000,balanced,0,1.2915496650148827e-08,sigmoid,40000,"{'SVMS__C': 0.2, 'SVMS__cache_size': 8000, 'SVMS__class_weight': 'balanced', 'SVMS__coef0': 0, 'SVMS__gamma': 1.2915496650148827e-08, 'SVMS__kernel': 'sigmoid', 'SVMS__max_iter': 40000}",0.3333333333333334,0.3333333333333334,0.3333333333333334,0.33333333333333326,0.3333333333333333,0.33333333333333337,7.014000894662208e-17,90
0.02020745277404785,0.002298030560281958,0.003316974639892578,0.0002875680174389585,0.2,8000,balanced,0,1.668100537200059e-07,sigmoid,40000,"{'SVMS__C': 0.2, 'SVMS__cache_size': 8000, 'SVMS__class_weight': 'balanced', 'SVMS__coef0': 0, 'SVMS__gamma': 1.668100537200059e-07, 'SVMS__kernel': 'sigmoid', 'SVMS__max_iter': 40000}",0.3333333333333334,0.3333333333333334,0.3333333333333334,0.33333333333333326,0.3333333333333333,0.33333333333333337,7.014000894662208e-17,90
0.019503974914550783,0.0004697814735004379,0.003435182571411133,0.00028639724151236987,0.2,8000,balanced,0,2.1544346900318865e-06,sigmoid,40000,"{'SVMS__C': 0.2, 'SVMS__cache_size': 8000, 'SVMS__class_weight': 'balanced', 'SVMS__coef0': 0, 'SVMS__gamma': 2.1544346900318865e-06, 'SVMS__kernel': 'sigmoid', 'SVMS__max_iter': 40000}",0.3333333333333334,0.3333333333333334,0.3333333333333334,0.33333333333333326,0.3333333333333333,0.33333333333333337,7.014000894662208e-17,90
0.019017601013183595,0.00030238216232363925,0.0032224178314208983,0.00010318908143818419,0.2,8000,balanced,0,2.782559402207126e-05,sigmoid,40000,"{'SVMS__C': 0.2, 'SVMS__cache_size': 8000, 'SVMS__class_weight': 'balanced', 'SVMS__coef0': 0, 'SVMS__gamma': 2.782559402207126e-05, 'SVMS__kernel': 'sigmoid', 'SVMS__max_iter': 40000}",0.3333333333333334,0.3333333333333334,0.3333333333333334,0.33333333333333326,0.3333333333333333,0.33333333333333337,7.014000894662208e-17,90
0.019015407562255858,0.00035391169330503767,0.003234529495239258,8.055762650414237e-05,0.2,8000,balanced,0,0.00035938136638046257,sigmoid,40000,"{'SVMS__C': 0.2, 'SVMS__cache_size': 8000, 'SVMS__class_weight': 'balanced', 'SVMS__coef0': 0, 'SVMS__gamma': 0.00035938136638046257, 'SVMS__kernel': 'sigmoid', 'SVMS__max_iter': 40000}",0.3333333333333334,0.3333333333333334,0.3333333333333334,0.33333333333333326,0.3333333333333333,0.33333333333333337,7.014000894662208e-17,90
0.019179439544677733,0.00015197471260311178,0.0033166885375976564,8.41021529332194e-05,0.2,8000,balanced,0,0.004641588833612782,sigmoid,40000,"{'SVMS__C': 0.2, 'SVMS__cache_size': 8000, 'SVMS__class_weight': 'balanced', 'SVMS__coef0': 0, 'SVMS__gamma': 0.004641588833612782, 'SVMS__kernel': 'sigmoid', 'SVMS__max_iter': 40000}",0.43793430761515884,0.4027509133892114,0.4622644888602337,0.43816224090259603,0.48288843734342807,0.4447390678781843,0.026887056906899662,29
0.025057268142700196,0.0008907049622256846,0.004430532455444336,0.00023890954963769732,0.2,8000,balanced,0,0.05994842503189421,sigmoid,40000,"{'SVMS__C': 0.2, 'SVMS__cache_size': 8000, 'SVMS__class_weight': 'balanced', 'SVMS__coef0': 0, 'SVMS__gamma': 0.05994842503189421, 'SVMS__kernel': 'sigmoid', 'SVMS__max_iter': 40000}",0.4597123719464146,0.4672254459488504,0.5420606776989757,0.5413790383937352,0.4768969548516395,0.49740957051727414,0.03655966762843969,1
0.024558496475219727,0.0008988310284935307,0.004151582717895508,0.00014001777330734504,0.2,8000,balanced,0,0.7742636826811278,sigmoid,40000,"{'SVMS__C': 0.2, 'SVMS__cache_size': 8000, 'SVMS__class_weight': 'balanced', 'SVMS__coef0': 0, 'SVMS__gamma': 0.7742636826811278, 'SVMS__kernel': 'sigmoid', 'SVMS__max_iter': 40000}",0.39016046994770415,0.3733254531126873,0.3364943763879935,0.39989608268848925,0.37471005214422237,0.37486923339138856,0.021624929839373686,65
0.020862674713134764,0.0012841521393201687,0.004210138320922851,0.00018388584358997978,0.2,8000,balanced,0,10.0,sigmoid,40000,"{'SVMS__C': 0.2, 'SVMS__cache_size': 8000, 'SVMS__class_weight': 'balanced', 'SVMS__coef0': 0, 'SVMS__gamma': 10.0, 'SVMS__kernel': 'sigmoid', 'SVMS__max_iter': 40000}",0.4359732072498031,0.39876602908517816,0.39873020990042285,0.3836706006791738,0.4173648611033792,0.4069257468827857,0.018040458495616113,39
0.02567439079284668,0.0024386586219595956,0.004512166976928711,0.0002197901522822437,0.2,8000,balanced,1,1e-09,sigmoid,40000,"{'SVMS__C': 0.2, 'SVMS__cache_size': 8000, 'SVMS__class_weight': 'balanced', 'SVMS__coef0': 1, 'SVMS__gamma': 1e-09, 'SVMS__kernel': 'sigmoid', 'SVMS__max_iter': 40000}",0.3333333333333334,0.3333333333333334,0.3333333333333334,0.33333333333333326,0.3333333333333333,0.33333333333333337,7.014000894662208e-17,90
0.026000118255615233,0.0005988406414358594,0.004202556610107422,0.00011115711354271506,0.2,8000,balanced,1,1.2915496650148827e-08,sigmoid,40000,"{'SVMS__C': 0.2, 'SVMS__cache_size': 8000, 'SVMS__class_weight': 'balanced', 'SVMS__coef0': 1, 'SVMS__gamma': 1.2915496650148827e-08, 'SVMS__kernel': 'sigmoid', 'SVMS__max_iter': 40000}",0.3333333333333334,0.3333333333333334,0.3333333333333334,0.33333333333333326,0.3333333333333333,0.33333333333333337,7.014000894662208e-17,90
0.02596440315246582,0.0005478617743352761,0.004269599914550781,0.0002498416491394007,0.2,8000,balanced,1,1.668100537200059e-07,sigmoid,40000,"{'SVMS__C': 0.2, 'SVMS__cache_size': 8000, 'SVMS__class_weight': 'balanced', 'SVMS__coef0': 1, 'SVMS__gamma': 1.668100537200059e-07, 'SVMS__kernel': 'sigmoid', 'SVMS__max_iter': 40000}",0.3333333333333334,0.3333333333333334,0.3333333333333334,0.33333333333333326,0.3333333333333333,0.33333333333333337,7.014000894662208e-17,90
0.026906681060791016,0.0018534125739166107,0.0044406414031982425,0.0003564087943642408,0.2,8000,balanced,1,2.1544346900318865e-06,sigmoid,40000,"{'SVMS__C': 0.2, 'SVMS__cache_size': 8000, 'SVMS__class_weight': 'balanced', 'SVMS__coef0': 1, 'SVMS__gamma': 2.1544346900318865e-06, 'SVMS__kernel': 'sigmoid', 'SVMS__max_iter': 40000}",0.3333333333333334,0.3333333333333334,0.3333333333333334,0.33333333333333326,0.3333333333333333,0.33333333333333337,7.014000894662208e-17,90
0.026564311981201173,0.00022637200132936676,0.004302835464477539,0.00019251172206887195,0.2,8000,balanced,1,2.782559402207126e-05,sigmoid,40000,"{'SVMS__C': 0.2, 'SVMS__cache_size': 8000, 'SVMS__class_weight': 'balanced', 'SVMS__coef0': 1, 'SVMS__gamma': 2.782559402207126e-05, 'SVMS__kernel': 'sigmoid', 'SVMS__max_iter': 40000}",0.3333333333333334,0.3333333333333334,0.3333333333333334,0.33333333333333326,0.3333333333333333,0.33333333333333337,7.014000894662208e-17,90
0.02577996253967285,0.0003683785089502241,0.0041678428649902345,0.00016271807944486506,0.2,8000,balanced,1,0.00035938136638046257,sigmoid,40000,"{'SVMS__C': 0.2, 'SVMS__cache_size': 8000, 'SVMS__class_weight': 'balanced', 'SVMS__coef0': 1, 'SVMS__gamma': 0.00035938136638046257, 'SVMS__kernel': 'sigmoid', 'SVMS__max_iter': 40000}",0.3333333333333334,0.3333333333333334,0.3333333333333334,0.33333333333333326,0.3333333333333333,0.33333333333333337,7.014000894662208e-17,90
0.025901079177856445,0.00043255498999694746,0.004219627380371094,0.00014752309056585662,0.2,8000,balanced,1,0.004641588833612782,sigmoid,40000,"{'SVMS__C': 0.2, 'SVMS__cache_size': 8000, 'SVMS__class_weight': 'balanced', 'SVMS__coef0': 1, 'SVMS__gamma': 0.004641588833612782, 'SVMS__kernel': 'sigmoid', 'SVMS__max_iter': 40000}",0.3333333333333334,0.3333333333333334,0.3333333333333334,0.33333333333333326,0.3333333333333333,0.33333333333333337,7.014000894662208e-17,90
0.02603759765625,0.0019157137338559134,0.004311132431030274,0.00025827462876843474,0.2,8000,balanced,1,0.05994842503189421,sigmoid,40000,"{'SVMS__C': 0.2, 'SVMS__cache_size': 8000, 'SVMS__class_weight': 'balanced', 'SVMS__coef0': 1, 'SVMS__gamma': 0.05994842503189421, 'SVMS__kernel': 'sigmoid', 'SVMS__max_iter': 40000}",0.4500949208396018,0.4473816175943836,0.4833261694963824,0.4891675481081482,0.47549128764682963,0.46904095234855153,0.01720603333782849,24
0.025888729095458984,0.0009101669449458285,0.00432882308959961,6.85327310986955e-05,0.2,8000,balanced,1,0.7742636826811278,sigmoid,40000,"{'SVMS__C': 0.2, 'SVMS__cache_size': 8000, 'SVMS__class_weight': 'balanced', 'SVMS__coef0': 1, 'SVMS__gamma': 0.7742636826811278, 'SVMS__kernel': 'sigmoid', 'SVMS__max_iter': 40000}",0.3183161401246508,0.3670570957805001,0.34108818683286785,0.33945703204735656,0.3920651709996474,0.35154177122347785,0.025445496767948814,69
0.019965505599975585,0.00132532235554726,0.004175043106079102,0.0002075046405112936,0.2,8000,balanced,1,10.0,sigmoid,40000,"{'SVMS__C': 0.2, 'SVMS__cache_size': 8000, 'SVMS__class_weight': 'balanced', 'SVMS__coef0': 1, 'SVMS__gamma': 10.0, 'SVMS__kernel': 'sigmoid', 'SVMS__max_iter': 40000}",0.4048911096783438,0.3982824700909809,0.3748656780571676,0.38423889847649795,0.4395075989534042,0.4003124717198971,0.022178401882336544,43
0.017489814758300783,0.00012871605912731743,0.002881956100463867,8.567854854843687e-05,0.30000000000000004,8000,balanced,0,1e-09,sigmoid,40000,"{'SVMS__C': 0.30000000000000004, 'SVMS__cache_size': 8000, 'SVMS__class_weight': 'balanced', 'SVMS__coef0': 0, 'SVMS__gamma': 1e-09, 'SVMS__kernel': 'sigmoid', 'SVMS__max_iter': 40000}",0.3333333333333334,0.3333333333333334,0.3333333333333334,0.33333333333333326,0.3333333333333333,0.33333333333333337,7.014000894662208e-17,90
0.02167820930480957,0.0006063864666930936,0.0036507129669189455,0.00013384449549061004,0.30000000000000004,8000,balanced,0,1.2915496650148827e-08,sigmoid,40000,"{'SVMS__C': 0.30000000000000004, 'SVMS__cache_size': 8000, 'SVMS__class_weight': 'balanced', 'SVMS__coef0': 0, 'SVMS__gamma': 1.2915496650148827e-08, 'SVMS__kernel': 'sigmoid', 'SVMS__max_iter': 40000}",0.3333333333333334,0.3333333333333334,0.3333333333333334,0.33333333333333326,0.3333333333333333,0.33333333333333337,7.014000894662208e-17,90
0.01905093193054199,0.00027047759678496794,0.003337717056274414,0.00020783578654793019,0.30000000000000004,8000,balanced,0,1.668100537200059e-07,sigmoid,40000,"{'SVMS__C': 0.30000000000000004, 'SVMS__cache_size': 8000, 'SVMS__class_weight': 'balanced', 'SVMS__coef0': 0, 'SVMS__gamma': 1.668100537200059e-07, 'SVMS__kernel': 'sigmoid', 'SVMS__max_iter': 40000}",0.3333333333333334,0.3333333333333334,0.3333333333333334,0.33333333333333326,0.3333333333333333,0.33333333333333337,7.014000894662208e-17,90
0.01884603500366211,0.00025120372555266425,0.0031792163848876954,7.647813973561069e-05,0.30000000000000004,8000,balanced,0,2.1544346900318865e-06,sigmoid,40000,"{'SVMS__C': 0.30000000000000004, 'SVMS__cache_size': 8000, 'SVMS__class_weight': 'balanced', 'SVMS__coef0': 0, 'SVMS__gamma': 2.1544346900318865e-06, 'SVMS__kernel': 'sigmoid', 'SVMS__max_iter': 40000}",0.3333333333333334,0.3333333333333334,0.3333333333333334,0.33333333333333326,0.3333333333333333,0.33333333333333337,7.014000894662208e-17,90
0.018849563598632813,0.0002325653366859377,0.0032708168029785155,0.00019823396741230486,0.30000000000000004,8000,balanced,0,2.782559402207126e-05,sigmoid,40000,"{'SVMS__C': 0.30000000000000004, 'SVMS__cache_size': 8000, 'SVMS__class_weight': 'balanced', 'SVMS__coef0': 0, 'SVMS__gamma': 2.782559402207126e-05, 'SVMS__kernel': 'sigmoid', 'SVMS__max_iter': 40000}",0.3333333333333334,0.3333333333333334,0.3333333333333334,0.33333333333333326,0.3333333333333333,0.33333333333333337,7.014000894662208e-17,90
0.0211273193359375,0.0032176653822838996,0.003377676010131836,0.0002854014793764571,0.30000000000000004,8000,balanced,0,0.00035938136638046257,sigmoid,40000,"{'SVMS__C': 0.30000000000000004, 'SVMS__cache_size': 8000, 'SVMS__class_weight': 'balanced', 'SVMS__coef0': 0, 'SVMS__gamma': 0.00035938136638046257, 'SVMS__kernel': 'sigmoid', 'SVMS__max_iter': 40000}",0.3333333333333334,0.3333333333333334,0.3333333333333334,0.33333333333333326,0.3333333333333333,0.33333333333333337,7.014000894662208e-17,90
0.01885085105895996,0.0002678818955121671,0.0031529903411865235,7.281298721701683e-05,0.30000000000000004,8000,balanced,0,0.004641588833612782,sigmoid,40000,"{'SVMS__C': 0.30000000000000004, 'SVMS__cache_size': 8000, 'SVMS__class_weight': 'balanced', 'SVMS__coef0': 0, 'SVMS__gamma': 0.004641588833612782, 'SVMS__kernel': 'sigmoid', 'SVMS__max_iter': 40000}",0.47093273157102955,0.4324002435704564,0.49395551257253395,0.4735173226446955,0.5226066544192692,0.47860730577586313,0.029629102606608965,21
0.023635196685791015,0.000366887055801475,0.004172992706298828,4.537961806878531e-05,0.30000000000000004,8000,balanced,0,0.05994842503189421,sigmoid,40000,"{'SVMS__C': 0.30000000000000004, 'SVMS__cache_size': 8000, 'SVMS__class_weight': 'balanced', 'SVMS__coef0': 0, 'SVMS__gamma': 0.05994842503189421, 'SVMS__kernel': 'sigmoid', 'SVMS__max_iter': 40000}",0.4748638870979298,0.4625958163192207,0.5161544523246653,0.5115654400712575,0.4841433316632337,0.489833587239696,0.020817911474409152,10
0.023528861999511718,0.0005650553602611556,0.003975296020507812,0.000153532946089997,0.30000000000000004,8000,balanced,0,0.7742636826811278,sigmoid,40000,"{'SVMS__C': 0.30000000000000004, 'SVMS__cache_size': 8000, 'SVMS__class_weight': 'balanced', 'SVMS__coef0': 0, 'SVMS__gamma': 0.7742636826811278, 'SVMS__kernel': 'sigmoid', 'SVMS__max_iter': 40000}",0.3830682713661438,0.369725625044774,0.3432283831220002,0.3923203251127316,0.38319276661285234,0.3742548939544701,0.017139610319941493,66
0.020429372787475586,0.0011694759545108934,0.0041290283203125,0.00017414479496856905,0.30000000000000004,8000,balanced,0,10.0,sigmoid,40000,"{'SVMS__C': 0.30000000000000004, 'SVMS__cache_size': 8000, 'SVMS__class_weight': 'balanced', 'SVMS__coef0': 0, 'SVMS__gamma': 10.0, 'SVMS__kernel': 'sigmoid', 'SVMS__max_iter': 40000}",0.43548964825560577,0.4109714162905654,0.3975929507844403,0.3698389281671584,0.40509426784687047,0.4038608015095175,0.0211977587677448,41
0.02427821159362793,0.00022582241597902402,0.004141044616699219,9.071498280911842e-05,0.30000000000000004,8000,balanced,1,1e-09,sigmoid,40000,"{'SVMS__C': 0.30000000000000004, 'SVMS__cache_size': 8000, 'SVMS__class_weight': 'balanced', 'SVMS__coef0': 1, 'SVMS__gamma': 1e-09, 'SVMS__kernel': 'sigmoid', 'SVMS__max_iter': 40000}",0.3333333333333334,0.3333333333333334,0.3333333333333334,0.33333333333333326,0.3333333333333333,0.33333333333333337,7.014000894662208e-17,90
0.02546234130859375,0.0003857998775585498,0.004199075698852539,0.00011865672795242285,0.30000000000000004,8000,balanced,1,1.2915496650148827e-08,sigmoid,40000,"{'SVMS__C': 0.30000000000000004, 'SVMS__cache_size': 8000, 'SVMS__class_weight': 'balanced', 'SVMS__coef0': 1, 'SVMS__gamma': 1.2915496650148827e-08, 'SVMS__kernel': 'sigmoid', 'SVMS__max_iter': 40000}",0.3333333333333334,0.3333333333333334,0.3333333333333334,0.33333333333333326,0.3333333333333333,0.33333333333333337,7.014000894662208e-17,90
0.02719435691833496,0.0023072817908433114,0.004437589645385742,0.0003486736400945518,0.30000000000000004,8000,balanced,1,1.668100537200059e-07,sigmoid,40000,"{'SVMS__C': 0.30000000000000004, 'SVMS__cache_size': 8000, 'SVMS__class_weight': 'balanced', 'SVMS__coef0': 1, 'SVMS__gamma': 1.668100537200059e-07, 'SVMS__kernel': 'sigmoid', 'SVMS__max_iter': 40000}",0.3333333333333334,0.3333333333333334,0.3333333333333334,0.33333333333333326,0.3333333333333333,0.33333333333333337,7.014000894662208e-17,90
0.025924158096313477,0.00040143573186499835,0.004139614105224609,5.362317415730594e-05,0.30000000000000004,8000,balanced,1,2.1544346900318865e-06,sigmoid,40000,"{'SVMS__C': 0.30000000000000004, 'SVMS__cache_size': 8000, 'SVMS__class_weight': 'balanced', 'SVMS__coef0': 1, 'SVMS__gamma': 2.1544346900318865e-06, 'SVMS__kernel': 'sigmoid', 'SVMS__max_iter': 40000}",0.3333333333333334,0.3333333333333334,0.3333333333333334,0.33333333333333326,0.3333333333333333,0.33333333333333337,7.014000894662208e-17,90
0.025626420974731445,0.0008764731728991808,0.004209566116333008,0.00014956850132169543,0.30000000000000004,8000,balanced,1,2.782559402207126e-05,sigmoid,40000,"{'SVMS__C': 0.30000000000000004, 'SVMS__cache_size': 8000, 'SVMS__class_weight': 'balanced', 'SVMS__coef0': 1, 'SVMS__gamma': 2.782559402207126e-05, 'SVMS__kernel': 'sigmoid', 'SVMS__max_iter': 40000}",0.3333333333333334,0.3333333333333334,0.3333333333333334,0.33333333333333326,0.3333333333333333,0.33333333333333337,7.014000894662208e-17,90
0.025688838958740235,0.0008644953446725143,0.004232597351074219,0.00013689540555214446,0.30000000000000004,8000,balanced,1,0.00035938136638046257,sigmoid,40000,"{'SVMS__C': 0.30000000000000004, 'SVMS__cache_size': 8000, 'SVMS__class_weight': 'balanced', 'SVMS__coef0': 1, 'SVMS__gamma': 0.00035938136638046257, 'SVMS__kernel': 'sigmoid', 'SVMS__max_iter': 40000}",0.3333333333333334,0.3333333333333334,0.3333333333333334,0.33333333333333326,0.3333333333333333,0.33333333333333337,7.014000894662208e-17,90
0.025861454010009766,0.0008881624564266083,0.004178571701049805,0.00012535317016166975,0.30000000000000004,8000,balanced,1,0.004641588833612782,sigmoid,40000,"{'SVMS__C': 0.30000000000000004, 'SVMS__cache_size': 8000, 'SVMS__class_weight': 'balanced', 'SVMS__coef0': 1, 'SVMS__gamma': 0.004641588833612782, 'SVMS__kernel': 'sigmoid', 'SVMS__max_iter': 40000}",0.34042553191489366,0.38104448742746627,0.40755963894261776,0.4449934123847167,0.4808959156785244,0.41078220321819087,0.04882289114682002,38
0.023102712631225587,0.0002772037935439543,0.0040204524993896484,8.978211851168315e-05,0.30000000000000004,8000,balanced,1,0.05994842503189421,sigmoid,40000,"{'SVMS__C': 0.30000000000000004, 'SVMS__cache_size': 8000, 'SVMS__class_weight': 'balanced', 'SVMS__coef0': 1, 'SVMS__gamma': 0.05994842503189421, 'SVMS__kernel': 'sigmoid', 'SVMS__max_iter': 40000}",0.4514202306755499,0.45495737517014123,0.47575041192062484,0.5105796173616136,0.42855452875354894,0.4642318134153596,0.027515065190999197,26
0.026058197021484375,0.0010281695227145726,0.0045264244079589845,0.0005553302006317362,0.30000000000000004,8000,balanced,1,0.7742636826811278,sigmoid,40000,"{'SVMS__C': 0.30000000000000004, 'SVMS__cache_size': 8000, 'SVMS__class_weight': 'balanced', 'SVMS__coef0': 1, 'SVMS__gamma': 0.7742636826811278, 'SVMS__kernel': 'sigmoid', 'SVMS__max_iter': 40000}",0.3083404971702845,0.380945984669389,0.3305663013109823,0.31524522629850243,0.40779194269702534,0.3485277844386702,0.03896986087394093,71
0.020012426376342773,0.0020797438015560566,0.004250144958496094,0.0004178134035253873,0.30000000000000004,8000,balanced,1,10.0,sigmoid,40000,"{'SVMS__C': 0.30000000000000004, 'SVMS__cache_size': 8000, 'SVMS__class_weight': 'balanced', 'SVMS__coef0': 1, 'SVMS__gamma': 10.0, 'SVMS__kernel': 'sigmoid', 'SVMS__max_iter': 40000}",0.3943065405831364,0.39034852066766973,0.3794953076867971,0.32536324667371813,0.4357197201655254,0.38506414604474176,0.035325423995698,55
0.017688894271850587,0.0003047786154781592,0.0030893325805664063,0.00020676494947482354,0.4,8000,balanced,0,1e-09,sigmoid,40000,"{'SVMS__C': 0.4, 'SVMS__cache_size': 8000, 'SVMS__class_weight': 'balanced', 'SVMS__coef0': 0, 'SVMS__gamma': 1e-09, 'SVMS__kernel': 'sigmoid', 'SVMS__max_iter': 40000}",0.3333333333333334,0.3333333333333334,0.3333333333333334,0.33333333333333326,0.3333333333333333,0.33333333333333337,7.014000894662208e-17,90
0.020673179626464845,0.00020791891440815135,0.003600788116455078,0.00011236770578014413,0.4,8000,balanced,0,1.2915496650148827e-08,sigmoid,40000,"{'SVMS__C': 0.4, 'SVMS__cache_size': 8000, 'SVMS__class_weight': 'balanced', 'SVMS__coef0': 0, 'SVMS__gamma': 1.2915496650148827e-08, 'SVMS__kernel': 'sigmoid', 'SVMS__max_iter': 40000}",0.3333333333333334,0.3333333333333334,0.3333333333333334,0.33333333333333326,0.3333333333333333,0.33333333333333337,7.014000894662208e-17,90
0.01891932487487793,0.00023826153351287128,0.003357696533203125,0.00014361757352939755,0.4,8000,balanced,0,1.668100537200059e-07,sigmoid,40000,"{'SVMS__C': 0.4, 'SVMS__cache_size': 8000, 'SVMS__class_weight': 'balanced', 'SVMS__coef0': 0, 'SVMS__gamma': 1.668100537200059e-07, 'SVMS__kernel': 'sigmoid', 'SVMS__max_iter': 40000}",0.3333333333333334,0.3333333333333334,0.3333333333333334,0.33333333333333326,0.3333333333333333,0.33333333333333337,7.014000894662208e-17,90
0.019429397583007813,0.0007257643946737871,0.003438425064086914,0.0003235088477753237,0.4,8000,balanced,0,2.1544346900318865e-06,sigmoid,40000,"{'SVMS__C': 0.4, 'SVMS__cache_size': 8000, 'SVMS__class_weight': 'balanced', 'SVMS__coef0': 0, 'SVMS__gamma': 2.1544346900318865e-06, 'SVMS__kernel': 'sigmoid', 'SVMS__max_iter': 40000}",0.3333333333333334,0.3333333333333334,0.3333333333333334,0.33333333333333326,0.3333333333333333,0.33333333333333337,7.014000894662208e-17,90
0.019144392013549803,0.0004169170167723063,0.003267240524291992,0.00013476816808052108,0.4,8000,balanced,0,2.782559402207126e-05,sigmoid,40000,"{'SVMS__C': 0.4, 'SVMS__cache_size': 8000, 'SVMS__class_weight': 'balanced', 'SVMS__coef0': 0, 'SVMS__gamma': 2.782559402207126e-05, 'SVMS__kernel': 'sigmoid', 'SVMS__max_iter': 40000}",0.3333333333333334,0.3333333333333334,0.3333333333333334,0.33333333333333326,0.3333333333333333,0.33333333333333337,7.014000894662208e-17,90
0.01898045539855957,0.00030676952336008463,0.003215599060058594,0.0001375745361628178,0.4,8000,balanced,0,0.00035938136638046257,sigmoid,40000,"{'SVMS__C': 0.4, 'SVMS__cache_size': 8000, 'SVMS__class_weight': 'balanced', 'SVMS__coef0': 0, 'SVMS__gamma': 0.00035938136638046257, 'SVMS__kernel': 'sigmoid', 'SVMS__max_iter': 40000}",0.3333333333333334,0.3333333333333334,0.3333333333333334,0.33333333333333326,0.3333333333333333,0.33333333333333337,7.014000894662208e-17,90
0.01857924461364746,0.0003812897674942293,0.0032238006591796876,0.00020197668168680667,0.4,8000,balanced,0,0.004641588833612782,sigmoid,40000,"{'SVMS__C': 0.4, 'SVMS__cache_size': 8000, 'SVMS__class_weight': 'balanced', 'SVMS__coef0': 0, 'SVMS__gamma': 0.004641588833612782, 'SVMS__kernel': 'sigmoid', 'SVMS__max_iter': 40000}",0.4814546170929151,0.43414642882728,0.5053818325094923,0.4722902633190446,0.5200551132884262,0.4826132473709765,0.029595919345529662,19
0.02500615119934082,0.0018231053612865861,0.004332637786865235,0.0003176075040860193,0.4,8000,balanced,0,0.05994842503189421,sigmoid,40000,"{'SVMS__C': 0.4, 'SVMS__cache_size': 8000, 'SVMS__class_weight': 'balanced', 'SVMS__coef0': 0, 'SVMS__gamma': 0.05994842503189421, 'SVMS__kernel': 'sigmoid', 'SVMS__max_iter': 40000}",0.4959703417150227,0.45417830790171226,0.5199423311125441,0.5081069420475421,0.47310907606376074,0.49026005501821324,0.023804348456848146,8
0.02393651008605957,0.0007692514473552059,0.003960227966308594,0.00012030608116326498,0.4,8000,balanced,0,0.7742636826811278,sigmoid,40000,"{'SVMS__C': 0.4, 'SVMS__cache_size': 8000, 'SVMS__class_weight': 'balanced', 'SVMS__coef0': 0, 'SVMS__gamma': 0.7742636826811278, 'SVMS__kernel': 'sigmoid', 'SVMS__max_iter': 40000}",0.3947900995773337,0.3637706855791963,0.3432283831220002,0.40236643841971453,0.39076852418860997,0.3789166102505939,0.022127674606005624,61
0.019078540802001952,0.0014007835603795063,0.004039573669433594,0.00010410692973893286,0.4,8000,balanced,0,10.0,sigmoid,40000,"{'SVMS__C': 0.4, 'SVMS__cache_size': 8000, 'SVMS__class_weight': 'balanced', 'SVMS__coef0': 0, 'SVMS__gamma': 10.0, 'SVMS__kernel': 'sigmoid', 'SVMS__max_iter': 40000}",0.4359732072498031,0.40964610645461724,0.3896590013611291,0.3645734751062369,0.40130638905899163,0.4002987229606601,0.02344712002219523,44
0.0244905948638916,0.00019888814419828337,0.004263925552368164,0.00015198404815725875,0.4,8000,balanced,1,1e-09,sigmoid,40000,"{'SVMS__C': 0.4, 'SVMS__cache_size': 8000, 'SVMS__class_weight': 'balanced', 'SVMS__coef0': 1, 'SVMS__gamma': 1e-09, 'SVMS__kernel': 'sigmoid', 'SVMS__max_iter': 40000}",0.3333333333333334,0.3333333333333334,0.3333333333333334,0.33333333333333326,0.3333333333333333,0.33333333333333337,7.014000894662208e-17,90
0.02604527473449707,0.0010681488402223005,0.00426187515258789,0.00016752875356414453,0.4,8000,balanced,1,1.2915496650148827e-08,sigmoid,40000,"{'SVMS__C': 0.4, 'SVMS__cache_size': 8000, 'SVMS__class_weight': 'balanced', 'SVMS__coef0': 1, 'SVMS__gamma': 1.2915496650148827e-08, 'SVMS__kernel': 'sigmoid', 'SVMS__max_iter': 40000}",0.3333333333333334,0.3333333333333334,0.3333333333333334,0.33333333333333326,0.3333333333333333,0.33333333333333337,7.014000894662208e-17,90
0.02551894187927246,0.0003680991812674897,0.004198265075683594,8.754545824855656e-05,0.4,8000,balanced,1,1.668100537200059e-07,sigmoid,40000,"{'SVMS__C': 0.4, 'SVMS__cache_size': 8000, 'SVMS__class_weight': 'balanced', 'SVMS__coef0': 1, 'SVMS__gamma': 1.668100537200059e-07, 'SVMS__kernel': 'sigmoid', 'SVMS__max_iter': 40000}",0.3333333333333334,0.3333333333333334,0.3333333333333334,0.33333333333333326,0.3333333333333333,0.33333333333333337,7.014000894662208e-17,90
0.02593836784362793,0.0004955849036198068,0.004193258285522461,0.00020367335494194321,0.4,8000,balanced,1,2.1544346900318865e-06,sigmoid,40000,"{'SVMS__C': 0.4, 'SVMS__cache_size': 8000, 'SVMS__class_weight': 'balanced', 'SVMS__coef0': 1, 'SVMS__gamma': 2.1544346900318865e-06, 'SVMS__kernel': 'sigmoid', 'SVMS__max_iter': 40000}",0.3333333333333334,0.3333333333333334,0.3333333333333334,0.33333333333333326,0.3333333333333333,0.33333333333333337,7.014000894662208e-17,90
0.026818609237670897,0.001577889782701376,0.004599618911743164,0.0009837570934957281,0.4,8000,balanced,1,2.782559402207126e-05,sigmoid,40000,"{'SVMS__C': 0.4, 'SVMS__cache_size': 8000, 'SVMS__class_weight': 'balanced', 'SVMS__coef0': 1, 'SVMS__gamma': 2.782559402207126e-05, 'SVMS__kernel': 'sigmoid', 'SVMS__max_iter': 40000}",0.3333333333333334,0.3333333333333334,0.3333333333333334,0.33333333333333326,0.3333333333333333,0.33333333333333337,7.014000894662208e-17,90
0.026288986206054688,0.0009863594747560598,0.004223155975341797,0.0001026813656388293,0.4,8000,balanced,1,0.00035938136638046257,sigmoid,40000,"{'SVMS__C': 0.4, 'SVMS__cache_size': 8000, 'SVMS__class_weight': 'balanced', 'SVMS__coef0': 1, 'SVMS__gamma': 0.00035938136638046257, 'SVMS__kernel': 'sigmoid', 'SVMS__max_iter': 40000}",0.3333333333333334,0.3333333333333334,0.3333333333333334,0.33333333333333326,0.3333333333333333,0.33333333333333337,7.014000894662208e-17,90
0.026044273376464845,0.0007201637770492425,0.004481315612792969,0.0002442862404251809,0.4,8000,balanced,1,0.004641588833612782,sigmoid,40000,"{'SVMS__C': 0.4, 'SVMS__cache_size': 8000, 'SVMS__class_weight': 'balanced', 'SVMS__coef0': 1, 'SVMS__gamma': 0.004641588833612782, 'SVMS__kernel': 'sigmoid', 'SVMS__max_iter': 40000}",0.40789992119779367,0.38322050290135407,0.44858156028368806,0.4408761528326745,0.3911396574440052,0.4143371017206269,0.026176485928428094,36
0.024021244049072264,0.0009788686374669322,0.00413808822631836,0.0002865881609010113,0.4,8000,balanced,1,0.05994842503189421,sigmoid,40000,"{'SVMS__C': 0.4, 'SVMS__cache_size': 8000, 'SVMS__class_weight': 'balanced', 'SVMS__coef0': 1, 'SVMS__gamma': 0.05994842503189421, 'SVMS__kernel': 'sigmoid', 'SVMS__max_iter': 40000}",0.45472455046923144,0.4190128232681426,0.4590407622322517,0.501029894783722,0.4077223552116387,0.4482825270560247,0.03292274388642579,27
0.025707435607910157,0.000947702814433764,0.004448938369750977,0.0002980206069831396,0.4,8000,balanced,1,0.7742636826811278,sigmoid,40000,"{'SVMS__C': 0.4, 'SVMS__cache_size': 8000, 'SVMS__class_weight': 'balanced', 'SVMS__coef0': 1, 'SVMS__gamma': 0.7742636826811278, 'SVMS__kernel': 'sigmoid', 'SVMS__max_iter': 40000}",0.3144655777634502,0.37793717314993924,0.3267784225231035,0.3300673606858542,0.382264933474364,0.34626442599825297,0.028116310257005814,72
0.01838517189025879,0.0006745089567208101,0.003982973098754883,0.0001605448751384125,0.4,8000,balanced,1,10.0,sigmoid,40000,"{'SVMS__C': 0.4, 'SVMS__cache_size': 8000, 'SVMS__class_weight': 'balanced', 'SVMS__coef0': 1, 'SVMS__gamma': 10.0, 'SVMS__kernel': 'sigmoid', 'SVMS__max_iter': 40000}",0.3901604699477041,0.3810892614084105,0.3832831864746759,0.3194320733359312,0.4423885208484106,0.38327986013459137,0.038932405474048144,58
0.017507171630859374,0.0002646749753987112,0.003112602233886719,0.00013576730443352883,0.5,8000,balanced,0,1e-09,sigmoid,40000,"{'SVMS__C': 0.5, 'SVMS__cache_size': 8000, 'SVMS__class_weight': 'balanced', 'SVMS__coef0': 0, 'SVMS__gamma': 1e-09, 'SVMS__kernel': 'sigmoid', 'SVMS__max_iter': 40000}",0.3333333333333334,0.3333333333333334,0.3333333333333334,0.33333333333333326,0.3333333333333333,0.33333333333333337,7.014000894662208e-17,90
0.021835803985595703,0.0012125306349490533,0.0040819644927978516,0.0008751784818171201,0.5,8000,balanced,0,1.2915496650148827e-08,sigmoid,40000,"{'SVMS__C': 0.5, 'SVMS__cache_size': 8000, 'SVMS__class_weight': 'balanced', 'SVMS__coef0': 0, 'SVMS__gamma': 1.2915496650148827e-08, 'SVMS__kernel': 'sigmoid', 'SVMS__max_iter': 40000}",0.3333333333333334,0.3333333333333334,0.3333333333333334,0.33333333333333326,0.3333333333333333,0.33333333333333337,7.014000894662208e-17,90
0.01934361457824707,0.0004434581213097841,0.003235912322998047,9.138364873833836e-05,0.5,8000,balanced,0,1.668100537200059e-07,sigmoid,40000,"{'SVMS__C': 0.5, 'SVMS__cache_size': 8000, 'SVMS__class_weight': 'balanced', 'SVMS__coef0': 0, 'SVMS__gamma': 1.668100537200059e-07, 'SVMS__kernel': 'sigmoid', 'SVMS__max_iter': 40000}",0.3333333333333334,0.3333333333333334,0.3333333333333334,0.33333333333333326,0.3333333333333333,0.33333333333333337,7.014000894662208e-17,90
0.019079256057739257,0.00027409458445597814,0.0032806396484375,0.0001172803261854274,0.5,8000,balanced,0,2.1544346900318865e-06,sigmoid,40000,"{'SVMS__C': 0.5, 'SVMS__cache_size': 8000, 'SVMS__class_weight': 'balanced', 'SVMS__coef0': 0, 'SVMS__gamma': 2.1544346900318865e-06, 'SVMS__kernel': 'sigmoid', 'SVMS__max_iter': 40000}",0.3333333333333334,0.3333333333333334,0.3333333333333334,0.33333333333333326,0.3333333333333333,0.33333333333333337,7.014000894662208e-17,90
0.01902618408203125,0.0003943357847272729,0.0031959056854248048,0.00010908525202507685,0.5,8000,balanced,0,2.782559402207126e-05,sigmoid,40000,"{'SVMS__C': 0.5, 'SVMS__cache_size': 8000, 'SVMS__class_weight': 'balanced', 'SVMS__coef0': 0, 'SVMS__gamma': 2.782559402207126e-05, 'SVMS__kernel': 'sigmoid', 'SVMS__max_iter': 40000}",0.3333333333333334,0.3333333333333334,0.3333333333333334,0.33333333333333326,0.3333333333333333,0.33333333333333337,7.014000894662208e-17,90
0.01906728744506836,0.0004042197556023019,0.003165006637573242,6.652570503895244e-05,0.5,8000,balanced,0,0.00035938136638046257,sigmoid,40000,"{'SVMS__C': 0.5, 'SVMS__cache_size': 8000, 'SVMS__class_weight': 'balanced', 'SVMS__coef0': 0, 'SVMS__gamma': 0.00035938136638046257, 'SVMS__kernel': 'sigmoid', 'SVMS__max_iter': 40000}",0.3333333333333334,0.3333333333333334,0.3333333333333334,0.33333333333333326,0.3333333333333333,0.33333333333333337,7.014000894662208e-17,90
0.01907176971435547,0.0006258127819794935,0.003279972076416016,0.0001251402229713594,0.5,8000,balanced,0,0.004641588833612782,sigmoid,40000,"{'SVMS__C': 0.5, 'SVMS__cache_size': 8000, 'SVMS__class_weight': 'balanced', 'SVMS__coef0': 0, 'SVMS__gamma': 0.004641588833612782, 'SVMS__kernel': 'sigmoid', 'SVMS__max_iter': 40000}",0.4824217350813097,0.4430474962389857,0.5227004083387063,0.492136614151311,0.5314187496520625,0.49427736662376814,0.03150491186028708,3
0.02360854148864746,0.0005388468468266446,0.004282474517822266,0.0001741788301662477,0.5,8000,balanced,0,0.05994842503189421,sigmoid,40000,"{'SVMS__C': 0.5, 'SVMS__cache_size': 8000, 'SVMS__class_weight': 'balanced', 'SVMS__coef0': 0, 'SVMS__gamma': 0.05994842503189421, 'SVMS__kernel': 'sigmoid', 'SVMS__max_iter': 40000}",0.49927466150870425,0.4550200587434632,0.5052743749552261,0.5062930282617973,0.4722021191708883,0.4876065062382454,0.020489525274066903,12
0.022902154922485353,0.0005251391538184726,0.004063463211059571,0.00016442535881687375,0.5,8000,balanced,0,0.7742636826811278,sigmoid,40000,"{'SVMS__C': 0.5, 'SVMS__cache_size': 8000, 'SVMS__class_weight': 'balanced', 'SVMS__coef0': 0, 'SVMS__gamma': 0.7742636826811278, 'SVMS__kernel': 'sigmoid', 'SVMS__max_iter': 40000}",0.40242854072641315,0.35499498531413437,0.35495021133319016,0.3972633561580285,0.39859247712891316,0.3815827443842742,0.021863331164840568,59
0.020999956130981445,0.0020639292524285446,0.004201221466064453,0.00020548043515408734,0.5,8000,balanced,0,10.0,sigmoid,40000,"{'SVMS__C': 0.5, 'SVMS__cache_size': 8000, 'SVMS__class_weight': 'balanced', 'SVMS__coef0': 0, 'SVMS__gamma': 10.0, 'SVMS__kernel': 'sigmoid', 'SVMS__max_iter': 40000}",0.447695035460993,0.41391754423669325,0.39050075220288,0.3465410380597153,0.40855276587058587,0.4015341314346546,0.03307827910418633,42
0.024726724624633788,0.0007812741412543718,0.004201316833496093,0.0001749767969904115,0.5,8000,balanced,1,1e-09,sigmoid,40000,"{'SVMS__C': 0.5, 'SVMS__cache_size': 8000, 'SVMS__class_weight': 'balanced', 'SVMS__coef0': 1, 'SVMS__gamma': 1e-09, 'SVMS__kernel': 'sigmoid', 'SVMS__max_iter': 40000}",0.3333333333333334,0.3333333333333334,0.3333333333333334,0.33333333333333326,0.3333333333333333,0.33333333333333337,7.014000894662208e-17,90
0.02583599090576172,0.0004940637713498387,0.004278802871704101,0.00010061914865858629,0.5,8000,balanced,1,1.2915496650148827e-08,sigmoid,40000,"{'SVMS__C': 0.5, 'SVMS__cache_size': 8000, 'SVMS__class_weight': 'balanced', 'SVMS__coef0': 1, 'SVMS__gamma': 1.2915496650148827e-08, 'SVMS__kernel': 'sigmoid', 'SVMS__max_iter': 40000}",0.3333333333333334,0.3333333333333334,0.3333333333333334,0.33333333333333326,0.3333333333333333,0.33333333333333337,7.014000894662208e-17,90
0.025863075256347658,0.0002802322363564345,0.004258489608764649,0.00024416733387047103,0.5,8000,balanced,1,1.668100537200059e-07,sigmoid,40000,"{'SVMS__C': 0.5, 'SVMS__cache_size': 8000, 'SVMS__class_weight': 'balanced', 'SVMS__coef0': 1, 'SVMS__gamma': 1.668100537200059e-07, 'SVMS__kernel': 'sigmoid', 'SVMS__max_iter': 40000}",0.3333333333333334,0.3333333333333334,0.3333333333333334,0.33333333333333326,0.3333333333333333,0.33333333333333337,7.014000894662208e-17,90
0.026213741302490233,0.0008772507421473712,0.004262495040893555,0.0002238810836010303,0.5,8000,balanced,1,2.1544346900318865e-06,sigmoid,40000,"{'SVMS__C': 0.5, 'SVMS__cache_size': 8000, 'SVMS__class_weight': 'balanced', 'SVMS__coef0': 1, 'SVMS__gamma': 2.1544346900318865e-06, 'SVMS__kernel': 'sigmoid', 'SVMS__max_iter': 40000}",0.3333333333333334,0.3333333333333334,0.3333333333333334,0.33333333333333326,0.3333333333333333,0.33333333333333337,7.014000894662208e-17,90
0.025638008117675783,0.0003489977838817618,0.004246664047241211,0.00010908064547722971,0.5,8000,balanced,1,2.782559402207126e-05,sigmoid,40000,"{'SVMS__C': 0.5, 'SVMS__cache_size': 8000, 'SVMS__class_weight': 'balanced', 'SVMS__coef0': 1, 'SVMS__gamma': 2.782559402207126e-05, 'SVMS__kernel': 'sigmoid', 'SVMS__max_iter': 40000}",0.3333333333333334,0.3333333333333334,0.3333333333333334,0.33333333333333326,0.3333333333333333,0.33333333333333337,7.014000894662208e-17,90
0.025931787490844727,0.0003430755175371272,0.0042041301727294925,0.0001130233427281157,0.5,8000,balanced,1,0.00035938136638046257,sigmoid,40000,"{'SVMS__C': 0.5, 'SVMS__cache_size': 8000, 'SVMS__class_weight': 'balanced', 'SVMS__coef0': 1, 'SVMS__gamma': 0.00035938136638046257, 'SVMS__kernel': 'sigmoid', 'SVMS__max_iter': 40000}",0.3333333333333334,0.3333333333333334,0.3333333333333334,0.33333333333333326,0.3333333333333333,0.33333333333333337,7.014000894662208e-17,90
0.026913166046142578,0.001646193305914294,0.004477787017822266,0.00046246320172851847,0.5,8000,balanced,1,0.004641588833612782,sigmoid,40000,"{'SVMS__C': 0.5, 'SVMS__cache_size': 8000, 'SVMS__class_weight': 'balanced', 'SVMS__coef0': 1, 'SVMS__gamma': 0.004641588833612782, 'SVMS__kernel': 'sigmoid', 'SVMS__max_iter': 40000}",0.44448026362919996,0.40113009527903165,0.45294254602765255,0.44450166082131787,0.47151320306556066,0.4428549936164288,0.02311595117236827,31
0.0242645263671875,0.0018505185823867519,0.0041412353515625,0.00034480277902283475,0.5,8000,balanced,1,0.05994842503189421,sigmoid,40000,"{'SVMS__C': 0.5, 'SVMS__cache_size': 8000, 'SVMS__class_weight': 'balanced', 'SVMS__coef0': 1, 'SVMS__gamma': 0.05994842503189421, 'SVMS__kernel': 'sigmoid', 'SVMS__max_iter': 40000}",0.44306540583136345,0.40301955727487654,0.45116949638226256,0.5013592755478854,0.42938261982964987,0.4455225622371627,0.03228053016889476,28
0.02508707046508789,0.001543893365758773,0.004303264617919922,0.00018680861122062747,0.5,8000,balanced,1,0.7742636826811278,sigmoid,40000,"{'SVMS__C': 0.5, 'SVMS__cache_size': 8000, 'SVMS__class_weight': 'balanced', 'SVMS__coef0': 1, 'SVMS__gamma': 0.7742636826811278, 'SVMS__kernel': 'sigmoid', 'SVMS__max_iter': 40000}",0.2994394297585788,0.359123146357189,0.32299054373522473,0.333855239473733,0.37411159976989733,0.3378416080059162,0.02638247473302121,77
0.018305397033691405,0.0004738389551605733,0.004014110565185547,0.0001370386854327679,0.5,8000,balanced,1,10.0,sigmoid,40000,"{'SVMS__C': 0.5, 'SVMS__cache_size': 8000, 'SVMS__class_weight': 'balanced', 'SVMS__coef0': 1, 'SVMS__gamma': 10.0, 'SVMS__kernel': 'sigmoid', 'SVMS__max_iter': 40000}",0.39809441937101525,0.3941363994555485,0.3794953076867971,0.3183650652266696,0.45177819220991294,0.38838668861567904,0.04260691818027716,53
0.018230724334716796,0.0007026412162508831,0.0029969215393066406,0.00015824988961382486,0.6,8000,balanced,0,1e-09,sigmoid,40000,"{'SVMS__C': 0.6, 'SVMS__cache_size': 8000, 'SVMS__class_weight': 'balanced', 'SVMS__coef0': 0, 'SVMS__gamma': 1e-09, 'SVMS__kernel': 'sigmoid', 'SVMS__max_iter': 40000}",0.3333333333333334,0.3333333333333334,0.3333333333333334,0.33333333333333326,0.3333333333333333,0.33333333333333337,7.014000894662208e-17,90
0.02075042724609375,0.0004465543351682502,0.003570556640625,0.00021554896181872387,0.6,8000,balanced,0,1.2915496650148827e-08,sigmoid,40000,"{'SVMS__C': 0.6, 'SVMS__cache_size': 8000, 'SVMS__class_weight': 'balanced', 'SVMS__coef0': 0, 'SVMS__gamma': 1.2915496650148827e-08, 'SVMS__kernel': 'sigmoid', 'SVMS__max_iter': 40000}",0.3333333333333334,0.3333333333333334,0.3333333333333334,0.33333333333333326,0.3333333333333333,0.33333333333333337,7.014000894662208e-17,90
0.01901087760925293,0.00022979784494643374,0.003260183334350586,0.00013419415934441272,0.6,8000,balanced,0,1.668100537200059e-07,sigmoid,40000,"{'SVMS__C': 0.6, 'SVMS__cache_size': 8000, 'SVMS__class_weight': 'balanced', 'SVMS__coef0': 0, 'SVMS__gamma': 1.668100537200059e-07, 'SVMS__kernel': 'sigmoid', 'SVMS__max_iter': 40000}",0.3333333333333334,0.3333333333333334,0.3333333333333334,0.33333333333333326,0.3333333333333333,0.33333333333333337,7.014000894662208e-17,90
0.01925978660583496,0.00039821474747604084,0.003267812728881836,0.00017120136773324831,0.6,8000,balanced,0,2.1544346900318865e-06,sigmoid,40000,"{'SVMS__C': 0.6, 'SVMS__cache_size': 8000, 'SVMS__class_weight': 'balanced', 'SVMS__coef0': 0, 'SVMS__gamma': 2.1544346900318865e-06, 'SVMS__kernel': 'sigmoid', 'SVMS__max_iter': 40000}",0.3333333333333334,0.3333333333333334,0.3333333333333334,0.33333333333333326,0.3333333333333333,0.33333333333333337,7.014000894662208e-17,90
0.020316171646118163,0.002027779062030558,0.0032928466796875,0.00030272743716817447,0.6,8000,balanced,0,2.782559402207126e-05,sigmoid,40000,"{'SVMS__C': 0.6, 'SVMS__cache_size': 8000, 'SVMS__class_weight': 'balanced', 'SVMS__coef0': 0, 'SVMS__gamma': 2.782559402207126e-05, 'SVMS__kernel': 'sigmoid', 'SVMS__max_iter': 40000}",0.3333333333333334,0.3333333333333334,0.3333333333333334,0.33333333333333326,0.3333333333333333,0.33333333333333337,7.014000894662208e-17,90
0.01931028366088867,0.0004180914457257319,0.003322744369506836,0.00014819854933156,0.6,8000,balanced,0,0.00035938136638046257,sigmoid,40000,"{'SVMS__C': 0.6, 'SVMS__cache_size': 8000, 'SVMS__class_weight': 'balanced', 'SVMS__coef0': 0, 'SVMS__gamma': 0.00035938136638046257, 'SVMS__kernel': 'sigmoid', 'SVMS__max_iter': 40000}",0.3333333333333334,0.3333333333333334,0.3333333333333334,0.33333333333333326,0.3333333333333333,0.33333333333333337,7.014000894662208e-17,90
0.018264627456665038,0.0002579067388014824,0.0031815052032470705,0.00014171937268488946,0.6,8000,balanced,0,0.004641588833612782,sigmoid,40000,"{'SVMS__C': 0.6, 'SVMS__cache_size': 8000, 'SVMS__class_weight': 'balanced', 'SVMS__coef0': 0, 'SVMS__gamma': 0.004641588833612782, 'SVMS__kernel': 'sigmoid', 'SVMS__max_iter': 40000}",0.482905294075507,0.4351135468156746,0.5227004083387063,0.5025932936220749,0.525408710497504,0.49366565997584916,0.03312150092485898,4
0.023611688613891603,0.0004263635817064772,0.004130315780639648,6.440451522465495e-05,0.6,8000,balanced,0,0.05994842503189421,sigmoid,40000,"{'SVMS__C': 0.6, 'SVMS__cache_size': 8000, 'SVMS__class_weight': 'balanced', 'SVMS__coef0': 0, 'SVMS__gamma': 0.05994842503189421, 'SVMS__kernel': 'sigmoid', 'SVMS__max_iter': 40000}",0.5109964897198941,0.4529156816390861,0.5074414356329252,0.5109878639425485,0.4586163224405723,0.4882047088805666,0.026568944381397196,11
0.023765945434570314,0.0015836095318248942,0.003976249694824218,0.00013066056851298043,0.6,8000,balanced,0,0.7742636826811278,sigmoid,40000,"{'SVMS__C': 0.6, 'SVMS__cache_size': 8000, 'SVMS__class_weight': 'balanced', 'SVMS__coef0': 0, 'SVMS__gamma': 0.7742636826811278, 'SVMS__kernel': 'sigmoid', 'SVMS__max_iter': 40000}",0.3994197292069634,0.34826097858012756,0.34076581417006957,0.4061543172075934,0.3844291042698881,0.375730389377319,0.026621715398423708,64
0.019144058227539062,0.001503464867867414,0.0040283679962158205,0.00014832237297552042,0.6,8000,balanced,0,10.0,sigmoid,40000,"{'SVMS__C': 0.6, 'SVMS__cache_size': 8000, 'SVMS__class_weight': 'balanced', 'SVMS__coef0': 0, 'SVMS__gamma': 10.0, 'SVMS__kernel': 'sigmoid', 'SVMS__max_iter': 40000}",0.4283974496740456,0.40964610645461724,0.381725051937818,0.3639958989775278,0.4003994321661192,0.396889568141813,0.02226547869599744,48
0.024435949325561524,0.0003357687169261098,0.004294729232788086,0.0002625955521366529,0.6,8000,balanced,1,1e-09,sigmoid,40000,"{'SVMS__C': 0.6, 'SVMS__cache_size': 8000, 'SVMS__class_weight': 'balanced', 'SVMS__coef0': 1, 'SVMS__gamma': 1e-09, 'SVMS__kernel': 'sigmoid', 'SVMS__max_iter': 40000}",0.3333333333333334,0.3333333333333334,0.3333333333333334,0.33333333333333326,0.3333333333333333,0.33333333333333337,7.014000894662208e-17,90
0.026803016662597656,0.002299659579424463,0.004302787780761719,0.00023537792082261916,0.6,8000,balanced,1,1.2915496650148827e-08,sigmoid,40000,"{'SVMS__C': 0.6, 'SVMS__cache_size': 8000, 'SVMS__class_weight': 'balanced', 'SVMS__coef0': 1, 'SVMS__gamma': 1.2915496650148827e-08, 'SVMS__kernel': 'sigmoid', 'SVMS__max_iter': 40000}",0.3333333333333334,0.3333333333333334,0.3333333333333334,0.33333333333333326,0.3333333333333333,0.33333333333333337,7.014000894662208e-17,90
0.026286983489990236,0.0008253591658009763,0.004270744323730469,0.0002690855669726761,0.6,8000,balanced,1,1.668100537200059e-07,sigmoid,40000,"{'SVMS__C': 0.6, 'SVMS__cache_size': 8000, 'SVMS__class_weight': 'balanced', 'SVMS__coef0': 1, 'SVMS__gamma': 1.668100537200059e-07, 'SVMS__kernel': 'sigmoid', 'SVMS__max_iter': 40000}",0.3333333333333334,0.3333333333333334,0.3333333333333334,0.33333333333333326,0.3333333333333333,0.33333333333333337,7.014000894662208e-17,90
0.025852441787719727,0.0002759614051388075,0.004260396957397461,0.0001230245043130089,0.6,8000,balanced,1,2.1544346900318865e-06,sigmoid,40000,"{'SVMS__C': 0.6, 'SVMS__cache_size': 8000, 'SVMS__class_weight': 'balanced', 'SVMS__coef0': 1, 'SVMS__gamma': 2.1544346900318865e-06, 'SVMS__kernel': 'sigmoid', 'SVMS__max_iter': 40000}",0.3333333333333334,0.3333333333333334,0.3333333333333334,0.33333333333333326,0.3333333333333333,0.33333333333333337,7.014000894662208e-17,90
0.025925207138061523,0.0003601216597793331,0.004183483123779297,0.00012339900764937473,0.6,8000,balanced,1,2.782559402207126e-05,sigmoid,40000,"{'SVMS__C': 0.6, 'SVMS__cache_size': 8000, 'SVMS__class_weight': 'balanced', 'SVMS__coef0': 1, 'SVMS__gamma': 2.782559402207126e-05, 'SVMS__kernel': 'sigmoid', 'SVMS__max_iter': 40000}",0.3333333333333334,0.3333333333333334,0.3333333333333334,0.33333333333333326,0.3333333333333333,0.33333333333333337,7.014000894662208e-17,90
0.02651185989379883,0.0011438370645493459,0.004297208786010742,0.00014871635940890977,0.6,8000,balanced,1,0.00035938136638046257,sigmoid,40000,"{'SVMS__C': 0.6, 'SVMS__cache_size': 8000, 'SVMS__class_weight': 'balanced', 'SVMS__coef0': 1, 'SVMS__gamma': 0.00035938136638046257, 'SVMS__kernel': 'sigmoid', 'SVMS__max_iter': 40000}",0.3333333333333334,0.3333333333333334,0.3333333333333334,0.33333333333333326,0.3333333333333333,0.33333333333333337,7.014000894662208e-17,90
0.026336240768432616,0.0002017575383985073,0.004284906387329102,0.00012910777945741864,0.6,8000,balanced,1,0.004641588833612782,sigmoid,40000,"{'SVMS__C': 0.6, 'SVMS__cache_size': 8000, 'SVMS__class_weight': 'balanced', 'SVMS__coef0': 1, 'SVMS__gamma': 0.004641588833612782, 'SVMS__kernel': 'sigmoid', 'SVMS__max_iter': 40000}",0.4895587076438142,0.4138190414786161,0.4706819972777422,0.4720235112917292,0.48759023177271804,0.46668398140935724,0.027603428301867277,25
0.022704696655273436,0.0005245393099579326,0.003967857360839844,0.00019584443394349532,0.6,8000,balanced,1,0.05994842503189421,sigmoid,40000,"{'SVMS__C': 0.6, 'SVMS__cache_size': 8000, 'SVMS__class_weight': 'balanced', 'SVMS__coef0': 1, 'SVMS__gamma': 0.05994842503189421, 'SVMS__kernel': 'sigmoid', 'SVMS__max_iter': 40000}",0.427260190558063,0.402661365427323,0.4487069274303318,0.4809353485869101,0.4557377201284121,0.44296224554189595,0.026483695427048398,30
0.026004695892333986,0.0015606585793263746,0.004360055923461914,0.0005849625098813518,0.6,8000,balanced,1,0.7742636826811278,sigmoid,40000,"{'SVMS__C': 0.6, 'SVMS__cache_size': 8000, 'SVMS__class_weight': 'balanced', 'SVMS__coef0': 1, 'SVMS__gamma': 0.7742636826811278, 'SVMS__kernel': 'sigmoid', 'SVMS__max_iter': 40000}",0.30028118060032966,0.381725051937818,0.3262948635289062,0.3266088626621388,0.3703237209820186,0.34101795008043884,0.030355473442827477,76
0.018619441986083986,0.000638148473403142,0.004038810729980469,0.00036575060587098085,0.6,8000,balanced,1,10.0,sigmoid,40000,"{'SVMS__C': 0.6, 'SVMS__cache_size': 8000, 'SVMS__class_weight': 'balanced', 'SVMS__coef0': 1, 'SVMS__gamma': 10.0, 'SVMS__kernel': 'sigmoid', 'SVMS__max_iter': 40000}",0.40272404900064485,0.399607779926929,0.39001719320868267,0.32305990090742076,0.45177819220991294,0.3934607727170306,0.04109634141116146,51
0.017439508438110353,0.0001006800303828176,0.0028675079345703127,8.445045891528398e-05,0.7000000000000001,8000,balanced,0,1e-09,sigmoid,40000,"{'SVMS__C': 0.7000000000000001, 'SVMS__cache_size': 8000, 'SVMS__class_weight': 'balanced', 'SVMS__coef0': 0, 'SVMS__gamma': 1e-09, 'SVMS__kernel': 'sigmoid', 'SVMS__max_iter': 40000}",0.3333333333333334,0.3333333333333334,0.3333333333333334,0.33333333333333326,0.33333333333333337,0.3333333333333334,7.827585715516307e-17,78
0.021184778213500975,0.0013252869791896338,0.0035945415496826173,0.00017434972809299607,0.7000000000000001,8000,balanced,0,1.2915496650148827e-08,sigmoid,40000,"{'SVMS__C': 0.7000000000000001, 'SVMS__cache_size': 8000, 'SVMS__class_weight': 'balanced', 'SVMS__coef0': 0, 'SVMS__gamma': 1.2915496650148827e-08, 'SVMS__kernel': 'sigmoid', 'SVMS__max_iter': 40000}",0.3333333333333334,0.3333333333333334,0.3333333333333334,0.33333333333333326,0.33333333333333337,0.3333333333333334,7.827585715516307e-17,78
0.019238615036010744,0.0006091201661302264,0.0032991409301757813,0.0001901770182652689,0.7000000000000001,8000,balanced,0,1.668100537200059e-07,sigmoid,40000,"{'SVMS__C': 0.7000000000000001, 'SVMS__cache_size': 8000, 'SVMS__class_weight': 'balanced', 'SVMS__coef0': 0, 'SVMS__gamma': 1.668100537200059e-07, 'SVMS__kernel': 'sigmoid', 'SVMS__max_iter': 40000}",0.3333333333333334,0.3333333333333334,0.3333333333333334,0.33333333333333326,0.33333333333333337,0.3333333333333334,7.827585715516307e-17,78
0.01883721351623535,0.00039677588129644,0.003161334991455078,4.828658467820649e-05,0.7000000000000001,8000,balanced,0,2.1544346900318865e-06,sigmoid,40000,"{'SVMS__C': 0.7000000000000001, 'SVMS__cache_size': 8000, 'SVMS__class_weight': 'balanced', 'SVMS__coef0': 0, 'SVMS__gamma': 2.1544346900318865e-06, 'SVMS__kernel': 'sigmoid', 'SVMS__max_iter': 40000}",0.3333333333333334,0.3333333333333334,0.3333333333333334,0.33333333333333326,0.33333333333333337,0.3333333333333334,7.827585715516307e-17,78
0.019329023361206055,0.0003411923444371639,0.003360414505004883,0.0002748120807366446,0.7000000000000001,8000,balanced,0,2.782559402207126e-05,sigmoid,40000,"{'SVMS__C': 0.7000000000000001, 'SVMS__cache_size': 8000, 'SVMS__class_weight': 'balanced', 'SVMS__coef0': 0, 'SVMS__gamma': 2.782559402207126e-05, 'SVMS__kernel': 'sigmoid', 'SVMS__max_iter': 40000}",0.3333333333333334,0.3333333333333334,0.3333333333333334,0.33333333333333326,0.33333333333333337,0.3333333333333334,7.827585715516307e-17,78
0.018867349624633788,0.0003761348085577533,0.0031633853912353517,6.508318912654496e-05,0.7000000000000001,8000,balanced,0,0.00035938136638046257,sigmoid,40000,"{'SVMS__C': 0.7000000000000001, 'SVMS__cache_size': 8000, 'SVMS__class_weight': 'balanced', 'SVMS__coef0': 0, 'SVMS__gamma': 0.00035938136638046257, 'SVMS__kernel': 'sigmoid', 'SVMS__max_iter': 40000}",0.3333333333333334,0.3333333333333334,0.3333333333333334,0.33333333333333326,0.33333333333333337,0.3333333333333334,7.827585715516307e-17,78
0.01919112205505371,0.0022122370835472,0.003289651870727539,0.0002782032997355601,0.7000000000000001,8000,balanced,0,0.004641588833612782,sigmoid,40000,"{'SVMS__C': 0.7000000000000001, 'SVMS__cache_size': 8000, 'SVMS__class_weight': 'balanced', 'SVMS__coef0': 0, 'SVMS__gamma': 0.004641588833612782, 'SVMS__kernel': 'sigmoid', 'SVMS__max_iter': 40000}",0.4700462067483345,0.43854323375599985,0.5088115194498175,0.5186517656664624,0.5151120822431294,0.49012957083605796,0.031164163253771037,9
0.023816013336181642,0.0010510402802582318,0.004113435745239258,0.0001107673320526518,0.7000000000000001,8000,balanced,0,0.05994842503189421,sigmoid,40000,"{'SVMS__C': 0.7000000000000001, 'SVMS__cache_size': 8000, 'SVMS__class_weight': 'balanced', 'SVMS__coef0': 0, 'SVMS__gamma': 0.05994842503189421, 'SVMS__kernel': 'sigmoid', 'SVMS__max_iter': 40000}",0.5009581631922059,0.43277634501038764,0.509062253743105,0.5147757427304274,0.4586163224405723,0.48322434828595007,0.03203903468371145,16
0.02279820442199707,0.00029938583150825184,0.004083251953125,0.00026856011451580416,0.7000000000000001,8000,balanced,0,0.7742636826811278,sigmoid,40000,"{'SVMS__C': 0.7000000000000001, 'SVMS__cache_size': 8000, 'SVMS__class_weight': 'balanced', 'SVMS__coef0': 0, 'SVMS__gamma': 0.7742636826811278, 'SVMS__kernel': 'sigmoid', 'SVMS__max_iter': 40000}",0.388056092843327,0.3596246149437639,0.349962389856007,0.40327339531258694,0.38821698305776686,0.3777571763123606,0.019840117477882908,63
0.018880176544189452,0.0006378272003919483,0.003993558883666992,0.00010275397103063235,0.7000000000000001,8000,balanced,0,10.0,sigmoid,40000,"{'SVMS__C': 0.7000000000000001, 'SVMS__cache_size': 8000, 'SVMS__class_weight': 'balanced', 'SVMS__coef0': 0, 'SVMS__gamma': 10.0, 'SVMS__kernel': 'sigmoid', 'SVMS__max_iter': 40000}",0.43898201876925297,0.4172218640303748,0.3993391360412638,0.3485173226446955,0.39406001224739745,0.3997340044160462,0.02997812847686011,45
0.024705982208251952,0.0004144211082031504,0.004253864288330078,0.00016668517932963713,0.7000000000000001,8000,balanced,1,1e-09,sigmoid,40000,"{'SVMS__C': 0.7000000000000001, 'SVMS__cache_size': 8000, 'SVMS__class_weight': 'balanced', 'SVMS__coef0': 1, 'SVMS__gamma': 1e-09, 'SVMS__kernel': 'sigmoid', 'SVMS__max_iter': 40000}",0.3333333333333334,0.3333333333333334,0.3333333333333334,0.33333333333333326,0.33333333333333337,0.3333333333333334,7.827585715516307e-17,78
0.025915098190307618,0.0005414345859981755,0.004230690002441406,0.00013446016491268123,0.7000000000000001,8000,balanced,1,1.2915496650148827e-08,sigmoid,40000,"{'SVMS__C': 0.7000000000000001, 'SVMS__cache_size': 8000, 'SVMS__class_weight': 'balanced', 'SVMS__coef0': 1, 'SVMS__gamma': 1.2915496650148827e-08, 'SVMS__kernel': 'sigmoid', 'SVMS__max_iter': 40000}",0.3333333333333334,0.3333333333333334,0.3333333333333334,0.33333333333333326,0.33333333333333337,0.3333333333333334,7.827585715516307e-17,78
0.025688695907592773,0.00017335325532561471,0.004242229461669922,0.00018544903925879597,0.7000000000000001,8000,balanced,1,1.668100537200059e-07,sigmoid,40000,"{'SVMS__C': 0.7000000000000001, 'SVMS__cache_size': 8000, 'SVMS__class_weight': 'balanced', 'SVMS__coef0': 1, 'SVMS__gamma': 1.668100537200059e-07, 'SVMS__kernel': 'sigmoid', 'SVMS__max_iter': 40000}",0.3333333333333334,0.3333333333333334,0.3333333333333334,0.33333333333333326,0.33333333333333337,0.3333333333333334,7.827585715516307e-17,78
0.026828908920288087,0.002216550546924818,0.0043314933776855465,0.00032153718989068645,0.7000000000000001,8000,balanced,1,2.1544346900318865e-06,sigmoid,40000,"{'SVMS__C': 0.7000000000000001, 'SVMS__cache_size': 8000, 'SVMS__class_weight': 'balanced', 'SVMS__coef0': 1, 'SVMS__gamma': 2.1544346900318865e-06, 'SVMS__kernel': 'sigmoid', 'SVMS__max_iter': 40000}",0.3333333333333334,0.3333333333333334,0.3333333333333334,0.33333333333333326,0.33333333333333337,0.3333333333333334,7.827585715516307e-17,78
0.026122617721557616,0.0007081081634243367,0.004114007949829102,9.174508016048346e-05,0.7000000000000001,8000,balanced,1,2.782559402207126e-05,sigmoid,40000,"{'SVMS__C': 0.7000000000000001, 'SVMS__cache_size': 8000, 'SVMS__class_weight': 'balanced', 'SVMS__coef0': 1, 'SVMS__gamma': 2.782559402207126e-05, 'SVMS__kernel': 'sigmoid', 'SVMS__max_iter': 40000}",0.3333333333333334,0.3333333333333334,0.3333333333333334,0.33333333333333326,0.33333333333333337,0.3333333333333334,7.827585715516307e-17,78
0.026151132583618165,0.0004803090159520034,0.00424957275390625,0.00020171293946584236,0.7000000000000001,8000,balanced,1,0.00035938136638046257,sigmoid,40000,"{'SVMS__C': 0.7000000000000001, 'SVMS__cache_size': 8000, 'SVMS__class_weight': 'balanced', 'SVMS__coef0': 1, 'SVMS__gamma': 0.00035938136638046257, 'SVMS__kernel': 'sigmoid', 'SVMS__max_iter': 40000}",0.3333333333333334,0.3333333333333334,0.3333333333333334,0.33333333333333326,0.33333333333333337,0.3333333333333334,7.827585715516307e-17,78
0.025287723541259764,0.0001230690378308773,0.004164457321166992,8.31808220435467e-05,0.7000000000000001,8000,balanced,1,0.004641588833612782,sigmoid,40000,"{'SVMS__C': 0.7000000000000001, 'SVMS__cache_size': 8000, 'SVMS__class_weight': 'balanced', 'SVMS__coef0': 1, 'SVMS__gamma': 0.004641588833612782, 'SVMS__kernel': 'sigmoid', 'SVMS__max_iter': 40000}",0.46419872483702285,0.42777061394082677,0.48806325668027806,0.4392663623373972,0.5295236504667001,0.46970775934497805,0.03636660730646449,23
0.022798681259155275,0.0009082427842555678,0.004060173034667968,0.0003633678299199255,0.7000000000000001,8000,balanced,1,0.05994842503189421,sigmoid,40000,"{'SVMS__C': 0.7000000000000001, 'SVMS__cache_size': 8000, 'SVMS__class_weight': 'balanced', 'SVMS__coef0': 1, 'SVMS__gamma': 0.05994842503189421, 'SVMS__kernel': 'sigmoid', 'SVMS__max_iter': 40000}",0.40598359481338214,0.39508560785156543,0.4365015402249446,0.47838380745606707,0.43745708771734493,0.4305766511045171,0.029072993832646284,33
0.024900388717651368,0.0021371250504014466,0.004156780242919922,0.00023537473302060534,0.7000000000000001,8000,balanced,1,0.7742636826811278,sigmoid,40000,"{'SVMS__C': 0.7000000000000001, 'SVMS__cache_size': 8000, 'SVMS__class_weight': 'balanced', 'SVMS__coef0': 1, 'SVMS__gamma': 0.7742636826811278, 'SVMS__kernel': 'sigmoid', 'SVMS__max_iter': 40000}",0.30028118060032966,0.3737911025145069,0.33387062110466376,0.33476219636660537,0.3668652229583031,0.3418795365034363,0.02643800485494296,74
0.01799039840698242,0.0006238069177965462,0.004056167602539062,0.00024275429891157298,0.7000000000000001,8000,balanced,1,10.0,sigmoid,40000,"{'SVMS__C': 0.7000000000000001, 'SVMS__cache_size': 8000, 'SVMS__class_weight': 'balanced', 'SVMS__coef0': 1, 'SVMS__gamma': 10.0, 'SVMS__kernel': 'sigmoid', 'SVMS__max_iter': 40000}",0.39430654058313647,0.39581990113905025,0.37486567805716753,0.3306356584831784,0.45647302789066413,0.3904080014558332,0.040443267948760374,52
0.017572355270385743,0.0001391132181725172,0.0028743743896484375,7.179416453114599e-05,0.8,8000,balanced,0,1e-09,sigmoid,40000,"{'SVMS__C': 0.8, 'SVMS__cache_size': 8000, 'SVMS__class_weight': 'balanced', 'SVMS__coef0': 0, 'SVMS__gamma': 1e-09, 'SVMS__kernel': 'sigmoid', 'SVMS__max_iter': 40000}",0.3333333333333334,0.3333333333333334,0.3333333333333334,0.33333333333333326,0.3333333333333333,0.33333333333333337,7.014000894662208e-17,90
0.022135591506958006,0.0021904170398238994,0.0036903858184814454,0.0002764534558659566,0.8,8000,balanced,0,1.2915496650148827e-08,sigmoid,40000,"{'SVMS__C': 0.8, 'SVMS__cache_size': 8000, 'SVMS__class_weight': 'balanced', 'SVMS__coef0': 0, 'SVMS__gamma': 1.2915496650148827e-08, 'SVMS__kernel': 'sigmoid', 'SVMS__max_iter': 40000}",0.3333333333333334,0.3333333333333334,0.3333333333333334,0.33333333333333326,0.3333333333333333,0.33333333333333337,7.014000894662208e-17,90
0.019333744049072267,0.0006813186512502294,0.0033037662506103516,0.00011495939663704974,0.8,8000,balanced,0,1.668100537200059e-07,sigmoid,40000,"{'SVMS__C': 0.8, 'SVMS__cache_size': 8000, 'SVMS__class_weight': 'balanced', 'SVMS__coef0': 0, 'SVMS__gamma': 1.668100537200059e-07, 'SVMS__kernel': 'sigmoid', 'SVMS__max_iter': 40000}",0.3333333333333334,0.3333333333333334,0.3333333333333334,0.33333333333333326,0.3333333333333333,0.33333333333333337,7.014000894662208e-17,90
0.019031286239624023,0.0003339057775613311,0.0031996726989746093,7.577069979459169e-05,0.8,8000,balanced,0,2.1544346900318865e-06,sigmoid,40000,"{'SVMS__C': 0.8, 'SVMS__cache_size': 8000, 'SVMS__class_weight': 'balanced', 'SVMS__coef0': 0, 'SVMS__gamma': 2.1544346900318865e-06, 'SVMS__kernel': 'sigmoid', 'SVMS__max_iter': 40000}",0.3333333333333334,0.3333333333333334,0.3333333333333334,0.33333333333333326,0.3333333333333333,0.33333333333333337,7.014000894662208e-17,90
0.018856096267700195,0.00020982305518546157,0.0032776355743408202,0.00016563298184573525,0.8,8000,balanced,0,2.782559402207126e-05,sigmoid,40000,"{'SVMS__C': 0.8, 'SVMS__cache_size': 8000, 'SVMS__class_weight': 'balanced', 'SVMS__coef0': 0, 'SVMS__gamma': 2.782559402207126e-05, 'SVMS__kernel': 'sigmoid', 'SVMS__max_iter': 40000}",0.3333333333333334,0.3333333333333334,0.3333333333333334,0.33333333333333326,0.3333333333333333,0.33333333333333337,7.014000894662208e-17,90
0.018970966339111328,0.00041440795127851125,0.003143596649169922,5.980009458895524e-05,0.8,8000,balanced,0,0.00035938136638046257,sigmoid,40000,"{'SVMS__C': 0.8, 'SVMS__cache_size': 8000, 'SVMS__class_weight': 'balanced', 'SVMS__coef0': 0, 'SVMS__gamma': 0.00035938136638046257, 'SVMS__kernel': 'sigmoid', 'SVMS__max_iter': 40000}",0.3333333333333334,0.3333333333333334,0.3333333333333334,0.33333333333333326,0.3333333333333333,0.33333333333333337,7.014000894662208e-17,90
0.0184356689453125,0.0008584252567258039,0.003242778778076172,0.00022093195765047062,0.8,8000,balanced,0,0.004641588833612782,sigmoid,40000,"{'SVMS__C': 0.8, 'SVMS__cache_size': 8000, 'SVMS__class_weight': 'balanced', 'SVMS__coef0': 0, 'SVMS__gamma': 0.004641588833612782, 'SVMS__kernel': 'sigmoid', 'SVMS__max_iter': 40000}",0.46770900494304757,0.44233111254387864,0.5210169066552047,0.5148638868785838,0.5078657054315352,0.4906773718923332,0.030579022019379516,7
0.023922157287597657,0.0005077549693039057,0.0042264461517333984,0.00010970001291406588,0.8,8000,balanced,0,0.05994842503189421,sigmoid,40000,"{'SVMS__C': 0.8, 'SVMS__cache_size': 8000, 'SVMS__class_weight': 'balanced', 'SVMS__coef0': 0, 'SVMS__gamma': 0.05994842503189421, 'SVMS__kernel': 'sigmoid', 'SVMS__max_iter': 40000}",0.4963285335625762,0.44119385342789613,0.5036535568450464,0.5109878639425485,0.4624042012284511,0.4828989269970973,0.02668905131419558,17
0.023176908493041992,0.0008521841668370688,0.004039478302001953,0.0001030941785679509,0.8,8000,balanced,0,0.7742636826811278,sigmoid,40000,"{'SVMS__C': 0.8, 'SVMS__cache_size': 8000, 'SVMS__class_weight': 'balanced', 'SVMS__coef0': 0, 'SVMS__gamma': 0.7742636826811278, 'SVMS__kernel': 'sigmoid', 'SVMS__max_iter': 40000}",0.33815996847911756,0.3558367361558852,0.347016261909879,0.4070612741004657,0.39076852418860997,0.36764771360237736,0.0265182902941978,67
0.022101783752441408,0.0025397068272003504,0.004834556579589843,0.000620380272413247,0.8,8000,balanced,0,10.0,sigmoid,40000,"{'SVMS__C': 0.8, 'SVMS__cache_size': 8000, 'SVMS__class_weight': 'balanced', 'SVMS__coef0': 0, 'SVMS__gamma': 10.0, 'SVMS__kernel': 'sigmoid', 'SVMS__max_iter': 40000}",0.4221470019342361,0.4101296654488145,0.3896590013611291,0.37684406836274564,0.39406001224739745,0.3986188360379481,0.015883128092872983,47
0.024600458145141602,0.0009200335089560863,0.00421299934387207,0.00014136413181929693,0.8,8000,balanced,1,1e-09,sigmoid,40000,"{'SVMS__C': 0.8, 'SVMS__cache_size': 8000, 'SVMS__class_weight': 'balanced', 'SVMS__coef0': 1, 'SVMS__gamma': 1e-09, 'SVMS__kernel': 'sigmoid', 'SVMS__max_iter': 40000}",0.3333333333333334,0.3333333333333334,0.3333333333333334,0.33333333333333326,0.3333333333333333,0.33333333333333337,7.014000894662208e-17,90
0.02565903663635254,0.0006450820855249035,0.004166603088378906,6.639792630326712e-05,0.8,8000,balanced,1,1.2915496650148827e-08,sigmoid,40000,"{'SVMS__C': 0.8, 'SVMS__cache_size': 8000, 'SVMS__class_weight': 'balanced', 'SVMS__coef0': 1, 'SVMS__gamma': 1.2915496650148827e-08, 'SVMS__kernel': 'sigmoid', 'SVMS__max_iter': 40000}",0.3333333333333334,0.3333333333333334,0.3333333333333334,0.33333333333333326,0.3333333333333333,0.33333333333333337,7.014000894662208e-17,90
0.025754117965698244,0.0006045601794501159,0.004273462295532227,0.00011105949955996902,0.8,8000,balanced,1,1.668100537200059e-07,sigmoid,40000,"{'SVMS__C': 0.8, 'SVMS__cache_size': 8000, 'SVMS__class_weight': 'balanced', 'SVMS__coef0': 1, 'SVMS__gamma': 1.668100537200059e-07, 'SVMS__kernel': 'sigmoid', 'SVMS__max_iter': 40000}",0.3333333333333334,0.3333333333333334,0.3333333333333334,0.33333333333333326,0.3333333333333333,0.33333333333333337,7.014000894662208e-17,90
0.02615814208984375,0.0005230616602503814,0.0043700218200683595,0.00025573032416282963,0.8,8000,balanced,1,2.1544346900318865e-06,sigmoid,40000,"{'SVMS__C': 0.8, 'SVMS__cache_size': 8000, 'SVMS__class_weight': 'balanced', 'SVMS__coef0': 1, 'SVMS__gamma': 2.1544346900318865e-06, 'SVMS__kernel': 'sigmoid', 'SVMS__max_iter': 40000}",0.3333333333333334,0.3333333333333334,0.3333333333333334,0.33333333333333326,0.3333333333333333,0.33333333333333337,7.014000894662208e-17,90
0.026108932495117188,0.00048070817855807506,0.0042133331298828125,0.00011299813280373484,0.8,8000,balanced,1,2.782559402207126e-05,sigmoid,40000,"{'SVMS__C': 0.8, 'SVMS__cache_size': 8000, 'SVMS__class_weight': 'balanced', 'SVMS__coef0': 1, 'SVMS__gamma': 2.782559402207126e-05, 'SVMS__kernel': 'sigmoid', 'SVMS__max_iter': 40000}",0.3333333333333334,0.3333333333333334,0.3333333333333334,0.33333333333333326,0.3333333333333333,0.33333333333333337,7.014000894662208e-17,90
0.02706298828125,0.0023582361741995186,0.004298162460327148,0.0002941497236992636,0.8,8000,balanced,1,0.00035938136638046257,sigmoid,40000,"{'SVMS__C': 0.8, 'SVMS__cache_size': 8000, 'SVMS__class_weight': 'balanced', 'SVMS__coef0': 1, 'SVMS__gamma': 0.00035938136638046257, 'SVMS__kernel': 'sigmoid', 'SVMS__max_iter': 40000}",0.3333333333333334,0.3333333333333334,0.3333333333333334,0.33333333333333326,0.3333333333333333,0.33333333333333337,7.014000894662208e-17,90
0.025374174118041992,0.000401781048420297,0.004082012176513672,0.00010159198902127403,0.8,8000,balanced,1,0.004641588833612782,sigmoid,40000,"{'SVMS__C': 0.8, 'SVMS__cache_size': 8000, 'SVMS__class_weight': 'balanced', 'SVMS__coef0': 1, 'SVMS__gamma': 0.004641588833612782, 'SVMS__kernel': 'sigmoid', 'SVMS__max_iter': 40000}",0.4608317214700195,0.43913425030446324,0.4910093846264061,0.4563918424910464,0.5273014901000205,0.4748681202290521,0.031028517661177816,22
0.022429180145263673,0.00048118635385957937,0.0039440631866455075,0.00012733370047518682,0.8,8000,balanced,1,0.05994842503189421,sigmoid,40000,"{'SVMS__C': 0.8, 'SVMS__cache_size': 8000, 'SVMS__class_weight': 'balanced', 'SVMS__coef0': 1, 'SVMS__gamma': 0.05994842503189421, 'SVMS__kernel': 'sigmoid', 'SVMS__max_iter': 40000}",0.40808797191775925,0.37843864173651426,0.4353642811089621,0.47838380745606707,0.45878797157119255,0.43166986412859165,0.03554469423781643,32
0.02478175163269043,0.0012919249247936662,0.004178428649902343,0.00017227873785813586,0.8,8000,balanced,1,0.7742636826811278,sigmoid,40000,"{'SVMS__C': 0.8, 'SVMS__cache_size': 8000, 'SVMS__class_weight': 'balanced', 'SVMS__coef0': 1, 'SVMS__gamma': 0.7742636826811278, 'SVMS__kernel': 'sigmoid', 'SVMS__max_iter': 40000}",0.30983594813382054,0.37463285335625773,0.3292409914750341,0.31903310508638116,0.39420614596670933,0.3453462401645604,0.03301224280650998,73
0.018033170700073244,0.0005708065159184192,0.0041024208068847655,0.0002079378760296655,0.8,8000,balanced,1,10.0,sigmoid,40000,"{'SVMS__C': 0.8, 'SVMS__cache_size': 8000, 'SVMS__class_weight': 'balanced', 'SVMS__coef0': 1, 'SVMS__gamma': 10.0, 'SVMS__kernel': 'sigmoid', 'SVMS__max_iter': 40000}",0.3943065405831364,0.39581990113905025,0.36644816963965915,0.32775473658817195,0.4423885208484106,0.38534462883259124,0.03763405142772325,54
0.017872714996337892,0.0004045146399976274,0.003000354766845703,0.00017285972452357339,0.9,8000,balanced,0,1e-09,sigmoid,40000,"{'SVMS__C': 0.9, 'SVMS__cache_size': 8000, 'SVMS__class_weight': 'balanced', 'SVMS__coef0': 0, 'SVMS__gamma': 1e-09, 'SVMS__kernel': 'sigmoid', 'SVMS__max_iter': 40000}",0.3333333333333334,0.3333333333333334,0.3333333333333334,0.33333333333333326,0.3333333333333333,0.33333333333333337,7.014000894662208e-17,90
0.020856094360351563,0.0005119613040219363,0.0035163402557373048,0.0001768586769935656,0.9,8000,balanced,0,1.2915496650148827e-08,sigmoid,40000,"{'SVMS__C': 0.9, 'SVMS__cache_size': 8000, 'SVMS__class_weight': 'balanced', 'SVMS__coef0': 0, 'SVMS__gamma': 1.2915496650148827e-08, 'SVMS__kernel': 'sigmoid', 'SVMS__max_iter': 40000}",0.3333333333333334,0.3333333333333334,0.3333333333333334,0.33333333333333326,0.3333333333333333,0.33333333333333337,7.014000894662208e-17,90
0.019181251525878906,0.0004507363110154481,0.0032928466796875,0.00011825978748590736,0.9,8000,balanced,0,1.668100537200059e-07,sigmoid,40000,"{'SVMS__C': 0.9, 'SVMS__cache_size': 8000, 'SVMS__class_weight': 'balanced', 'SVMS__coef0': 0, 'SVMS__gamma': 1.668100537200059e-07, 'SVMS__kernel': 'sigmoid', 'SVMS__max_iter': 40000}",0.3333333333333334,0.3333333333333334,0.3333333333333334,0.33333333333333326,0.3333333333333333,0.33333333333333337,7.014000894662208e-17,90
0.020178747177124024,0.002086686147108742,0.003331613540649414,0.00027598692116048186,0.9,8000,balanced,0,2.1544346900318865e-06,sigmoid,40000,"{'SVMS__C': 0.9, 'SVMS__cache_size': 8000, 'SVMS__class_weight': 'balanced', 'SVMS__coef0': 0, 'SVMS__gamma': 2.1544346900318865e-06, 'SVMS__kernel': 'sigmoid', 'SVMS__max_iter': 40000}",0.3333333333333334,0.3333333333333334,0.3333333333333334,0.33333333333333326,0.3333333333333333,0.33333333333333337,7.014000894662208e-17,90
0.018625450134277344,9.949700642450225e-05,0.003253936767578125,1.1120635866423013e-05,0.9,8000,balanced,0,2.782559402207126e-05,sigmoid,40000,"{'SVMS__C': 0.9, 'SVMS__cache_size': 8000, 'SVMS__class_weight': 'balanced', 'SVMS__coef0': 0, 'SVMS__gamma': 2.782559402207126e-05, 'SVMS__kernel': 'sigmoid', 'SVMS__max_iter': 40000}",0.3333333333333334,0.3333333333333334,0.3333333333333334,0.33333333333333326,0.3333333333333333,0.33333333333333337,7.014000894662208e-17,90
0.019113731384277344,0.00041115734048659974,0.0031974315643310547,0.00010978941288456266,0.9,8000,balanced,0,0.00035938136638046257,sigmoid,40000,"{'SVMS__C': 0.9, 'SVMS__cache_size': 8000, 'SVMS__class_weight': 'balanced', 'SVMS__coef0': 0, 'SVMS__gamma': 0.00035938136638046257, 'SVMS__kernel': 'sigmoid', 'SVMS__max_iter': 40000}",0.3333333333333334,0.3333333333333334,0.3333333333333334,0.33333333333333326,0.3333333333333333,0.33333333333333337,7.014000894662208e-17,90
0.01762547492980957,0.00017354695215000102,0.0031321048736572266,0.0001381499375902564,0.9,8000,balanced,0,0.004641588833612782,sigmoid,40000,"{'SVMS__C': 0.9, 'SVMS__cache_size': 8000, 'SVMS__class_weight': 'balanced', 'SVMS__coef0': 0, 'SVMS__gamma': 0.004641588833612782, 'SVMS__kernel': 'sigmoid', 'SVMS__max_iter': 40000}",0.4563453685794112,0.4515903718031379,0.5248047854430835,0.5139569299857113,0.5154414630072928,0.4923413767308165,0.03168851566535354,5
0.02363924980163574,0.0007110071425132234,0.004254484176635742,0.00010813743730207724,0.9,8000,balanced,0,0.05994842503189421,sigmoid,40000,"{'SVMS__C': 0.9, 'SVMS__cache_size': 8000, 'SVMS__class_weight': 'balanced', 'SVMS__coef0': 0, 'SVMS__gamma': 0.05994842503189421, 'SVMS__kernel': 'sigmoid', 'SVMS__max_iter': 40000}",0.4816605774052584,0.4529156816390861,0.510387563579053,0.5109878639425485,0.45803874631186325,0.48279143199340224,0.024744090205320892,18
0.022995948791503906,0.0005017089921700113,0.00391683578491211,9.585003337320584e-05,0.9,8000,balanced,0,0.7742636826811278,sigmoid,40000,"{'SVMS__C': 0.9, 'SVMS__cache_size': 8000, 'SVMS__class_weight': 'balanced', 'SVMS__coef0': 0, 'SVMS__gamma': 0.7742636826811278, 'SVMS__kernel': 'sigmoid', 'SVMS__max_iter': 40000}",0.39346478974138555,0.34741922773837675,0.3837398810803067,0.4061543172075934,0.37528762827293144,0.3811762811110008,0.01978330846179756,60
0.018419218063354493,0.0008184034979714557,0.003957605361938477,0.00014559257324474475,0.9,8000,balanced,0,10.0,sigmoid,40000,"{'SVMS__C': 0.9, 'SVMS__cache_size': 8000, 'SVMS__class_weight': 'balanced', 'SVMS__coef0': 0, 'SVMS__gamma': 10.0, 'SVMS__kernel': 'sigmoid', 'SVMS__max_iter': 40000}",0.4376567089333048,0.413433985242496,0.377453614155742,0.37305618957486686,0.3949669691402698,0.3993728606801478,0.023916415722978705,46
0.024458837509155274,0.00020919924882769467,0.00419158935546875,0.00017684760742860852,0.9,8000,balanced,1,1e-09,sigmoid,40000,"{'SVMS__C': 0.9, 'SVMS__cache_size': 8000, 'SVMS__class_weight': 'balanced', 'SVMS__coef0': 1, 'SVMS__gamma': 1e-09, 'SVMS__kernel': 'sigmoid', 'SVMS__max_iter': 40000}",0.3333333333333334,0.3333333333333334,0.3333333333333334,0.33333333333333326,0.3333333333333333,0.33333333333333337,7.014000894662208e-17,90
0.02646493911743164,0.0014417622246752115,0.004629707336425782,0.0008736468729236748,0.9,8000,balanced,1,1.2915496650148827e-08,sigmoid,40000,"{'SVMS__C': 0.9, 'SVMS__cache_size': 8000, 'SVMS__class_weight': 'balanced', 'SVMS__coef0': 1, 'SVMS__gamma': 1.2915496650148827e-08, 'SVMS__kernel': 'sigmoid', 'SVMS__max_iter': 40000}",0.3333333333333334,0.3333333333333334,0.3333333333333334,0.33333333333333326,0.3333333333333333,0.33333333333333337,7.014000894662208e-17,90
0.025888824462890626,0.0003751776335925236,0.004197072982788086,0.00011926977530444217,0.9,8000,balanced,1,1.668100537200059e-07,sigmoid,40000,"{'SVMS__C': 0.9, 'SVMS__cache_size': 8000, 'SVMS__class_weight': 'balanced', 'SVMS__coef0': 1, 'SVMS__gamma': 1.668100537200059e-07, 'SVMS__kernel': 'sigmoid', 'SVMS__max_iter': 40000}",0.3333333333333334,0.3333333333333334,0.3333333333333334,0.33333333333333326,0.3333333333333333,0.33333333333333337,7.014000894662208e-17,90
0.02604231834411621,0.0008500526762644326,0.004211282730102539,7.132671049798136e-05,0.9,8000,balanced,1,2.1544346900318865e-06,sigmoid,40000,"{'SVMS__C': 0.9, 'SVMS__cache_size': 8000, 'SVMS__class_weight': 'balanced', 'SVMS__coef0': 1, 'SVMS__gamma': 2.1544346900318865e-06, 'SVMS__kernel': 'sigmoid', 'SVMS__max_iter': 40000}",0.3333333333333334,0.3333333333333334,0.3333333333333334,0.33333333333333326,0.3333333333333333,0.33333333333333337,7.014000894662208e-17,90
0.025861167907714845,0.0005389304102088324,0.0042647838592529295,0.00036824909663056067,0.9,8000,balanced,1,2.782559402207126e-05,sigmoid,40000,"{'SVMS__C': 0.9, 'SVMS__cache_size': 8000, 'SVMS__class_weight': 'balanced', 'SVMS__coef0': 1, 'SVMS__gamma': 2.782559402207126e-05, 'SVMS__kernel': 'sigmoid', 'SVMS__max_iter': 40000}",0.3333333333333334,0.3333333333333334,0.3333333333333334,0.33333333333333326,0.3333333333333333,0.33333333333333337,7.014000894662208e-17,90
0.026654958724975586,0.0009004346241771599,0.004207801818847656,0.00010838975363472411,0.9,8000,balanced,1,0.00035938136638046257,sigmoid,40000,"{'SVMS__C': 0.9, 'SVMS__cache_size': 8000, 'SVMS__class_weight': 'balanced', 'SVMS__coef0': 1, 'SVMS__gamma': 0.00035938136638046257, 'SVMS__kernel': 'sigmoid', 'SVMS__max_iter': 40000}",0.3333333333333334,0.3333333333333334,0.3333333333333334,0.33333333333333326,0.3333333333333333,0.33333333333333337,7.014000894662208e-17,90
0.025553226470947266,0.0003827896528540707,0.0041867256164550785,0.0001377856097686956,0.9,8000,balanced,1,0.004641588833612782,sigmoid,40000,"{'SVMS__C': 0.9, 'SVMS__cache_size': 8000, 'SVMS__class_weight': 'balanced', 'SVMS__coef0': 1, 'SVMS__gamma': 0.004641588833612782, 'SVMS__kernel': 'sigmoid', 'SVMS__max_iter': 40000}",0.4759832366215347,0.43498817966903086,0.5099487785658,0.4713833064261723,0.5200551132884262,0.4824203262626192,0.030298947871102534,20
0.02166008949279785,0.00010336659425055168,0.003807210922241211,6.605194718420694e-05,0.9,8000,balanced,1,0.05994842503189421,sigmoid,40000,"{'SVMS__C': 0.9, 'SVMS__cache_size': 8000, 'SVMS__class_weight': 'balanced', 'SVMS__coef0': 1, 'SVMS__gamma': 0.05994842503189421, 'SVMS__kernel': 'sigmoid', 'SVMS__max_iter': 40000}",0.4085715309119565,0.3827100795185903,0.4277885235332045,0.46265471617584286,0.44305888029096846,0.4248485014609048,0.027596595609036996,35
0.025404596328735353,0.0021854406055260667,0.004432964324951172,0.0004476178728643727,0.9,8000,balanced,1,0.7742636826811278,sigmoid,40000,"{'SVMS__C': 0.9, 'SVMS__cache_size': 8000, 'SVMS__class_weight': 'balanced', 'SVMS__coef0': 1, 'SVMS__gamma': 0.7742636826811278, 'SVMS__kernel': 'sigmoid', 'SVMS__max_iter': 40000}",0.3040690593882084,0.3737911025145069,0.33387062110466376,0.3300673606858542,0.41101152368758,0.3504844261678772,0.03752807655617033,70
0.018189716339111327,0.0004015863946284662,0.003965234756469727,5.4789315726012764e-05,0.9,8000,balanced,1,10.0,sigmoid,40000,"{'SVMS__C': 0.9, 'SVMS__cache_size': 8000, 'SVMS__class_weight': 'balanced', 'SVMS__coef0': 1, 'SVMS__gamma': 10.0, 'SVMS__kernel': 'sigmoid', 'SVMS__max_iter': 40000}",0.3943065405831364,0.3911902715094206,0.37023604842753793,0.3290699400619792,0.434812763272653,0.38393080146581887,0.03439580777096896,57
0.01781039237976074,0.0004373064296938426,0.0029118537902832033,0.0001383082103358077,1.0,8000,balanced,0,1e-09,sigmoid,40000,"{'SVMS__C': 1.0, 'SVMS__cache_size': 8000, 'SVMS__class_weight': 'balanced', 'SVMS__coef0': 0, 'SVMS__gamma': 1e-09, 'SVMS__kernel': 'sigmoid', 'SVMS__max_iter': 40000}",0.3333333333333334,0.3333333333333334,0.3333333333333334,0.33333333333333326,0.3333333333333333,0.33333333333333337,7.014000894662208e-17,90
0.021438121795654297,0.0007213554641950937,0.0037353038787841797,0.00029291404521339024,1.0,8000,balanced,0,1.2915496650148827e-08,sigmoid,40000,"{'SVMS__C': 1.0, 'SVMS__cache_size': 8000, 'SVMS__class_weight': 'balanced', 'SVMS__coef0': 0, 'SVMS__gamma': 1.2915496650148827e-08, 'SVMS__kernel': 'sigmoid', 'SVMS__max_iter': 40000}",0.3333333333333334,0.3333333333333334,0.3333333333333334,0.33333333333333326,0.3333333333333333,0.33333333333333337,7.014000894662208e-17,90
0.019356250762939453,0.000496111815253715,0.003343057632446289,0.00013750063924880437,1.0,8000,balanced,0,1.668100537200059e-07,sigmoid,40000,"{'SVMS__C': 1.0, 'SVMS__cache_size': 8000, 'SVMS__class_weight': 'balanced', 'SVMS__coef0': 0, 'SVMS__gamma': 1.668100537200059e-07, 'SVMS__kernel': 'sigmoid', 'SVMS__max_iter': 40000}",0.3333333333333334,0.3333333333333334,0.3333333333333334,0.33333333333333326,0.3333333333333333,0.33333333333333337,7.014000894662208e-17,90
0.019064855575561524,0.0005227587186690651,0.0033272743225097657,0.00022140605502019166,1.0,8000,balanced,0,2.1544346900318865e-06,sigmoid,40000,"{'SVMS__C': 1.0, 'SVMS__cache_size': 8000, 'SVMS__class_weight': 'balanced', 'SVMS__coef0': 0, 'SVMS__gamma': 2.1544346900318865e-06, 'SVMS__kernel': 'sigmoid', 'SVMS__max_iter': 40000}",0.3333333333333334,0.3333333333333334,0.3333333333333334,0.33333333333333326,0.3333333333333333,0.33333333333333337,7.014000894662208e-17,90
0.01906309127807617,0.0003818577223762194,0.0033438682556152345,0.00026177236918555524,1.0,8000,balanced,0,2.782559402207126e-05,sigmoid,40000,"{'SVMS__C': 1.0, 'SVMS__cache_size': 8000, 'SVMS__class_weight': 'balanced', 'SVMS__coef0': 0, 'SVMS__gamma': 2.782559402207126e-05, 'SVMS__kernel': 'sigmoid', 'SVMS__max_iter': 40000}",0.3333333333333334,0.3333333333333334,0.3333333333333334,0.33333333333333326,0.3333333333333333,0.33333333333333337,7.014000894662208e-17,90
0.019062328338623046,0.00035265934267766544,0.003262615203857422,7.583698875757612e-05,1.0,8000,balanced,0,0.00035938136638046257,sigmoid,40000,"{'SVMS__C': 1.0, 'SVMS__cache_size': 8000, 'SVMS__class_weight': 'balanced', 'SVMS__coef0': 0, 'SVMS__gamma': 0.00035938136638046257, 'SVMS__kernel': 'sigmoid', 'SVMS__max_iter': 40000}",0.3333333333333334,0.3333333333333334,0.3333333333333334,0.33333333333333326,0.3333333333333333,0.33333333333333337,7.014000894662208e-17,90
0.019134712219238282,0.0024532795568724688,0.0031987667083740235,0.0002763060305801369,1.0,8000,balanced,0,0.004641588833612782,sigmoid,40000,"{'SVMS__C': 1.0, 'SVMS__cache_size': 8000, 'SVMS__class_weight': 'balanced', 'SVMS__coef0': 0, 'SVMS__gamma': 0.004641588833612782, 'SVMS__kernel': 'sigmoid', 'SVMS__max_iter': 40000}",0.4576706784153594,0.45074862096138707,0.5248047854430835,0.5186517656664624,0.5277120562638015,0.49581180315558576,0.03427285987386535,2
0.02310638427734375,0.0005755025356772436,0.00403437614440918,4.40378155113414e-05,1.0,8000,balanced,0,0.05994842503189421,sigmoid,40000,"{'SVMS__C': 1.0, 'SVMS__cache_size': 8000, 'SVMS__class_weight': 'balanced', 'SVMS__coef0': 0, 'SVMS__gamma': 0.05994842503189421, 'SVMS__kernel': 'sigmoid', 'SVMS__max_iter': 40000}",0.49254065477469744,0.4604914392148436,0.4927107959022854,0.5232584571990573,0.46619208001632984,0.4870088635662099,0.022389560289359574,13
0.022517633438110352,0.001071172604518979,0.003872537612915039,0.00012228140981301576,1.0,8000,balanced,0,0.7742636826811278,sigmoid,40000,"{'SVMS__C': 1.0, 'SVMS__cache_size': 8000, 'SVMS__class_weight': 'balanced', 'SVMS__coef0': 0, 'SVMS__gamma': 0.7742636826811278, 'SVMS__kernel': 'sigmoid', 'SVMS__max_iter': 40000}",0.3801221434200159,0.3449566587864461,0.37911025145067706,0.4108491528883445,0.3794048878249735,0.3788256182863802,0.020848012114738444,62
0.01847681999206543,0.0008972879673706382,0.003999948501586914,7.169005238001043e-05,1.0,8000,balanced,0,10.0,sigmoid,40000,"{'SVMS__C': 1.0, 'SVMS__cache_size': 8000, 'SVMS__class_weight': 'balanced', 'SVMS__coef0': 0, 'SVMS__gamma': 10.0, 'SVMS__kernel': 'sigmoid', 'SVMS__max_iter': 40000}",0.4330270793036752,0.4172218640303748,0.3774536141557419,0.371242275789122,0.38088246209801635,0.39604267765979656,0.024536993011062932,49
0.02512636184692383,0.0008627232550337008,0.004295063018798828,0.00017738953702910426,1.0,8000,balanced,1,1e-09,sigmoid,40000,"{'SVMS__C': 1.0, 'SVMS__cache_size': 8000, 'SVMS__class_weight': 'balanced', 'SVMS__coef0': 1, 'SVMS__gamma': 1e-09, 'SVMS__kernel': 'sigmoid', 'SVMS__max_iter': 40000}",0.3333333333333334,0.3333333333333334,0.3333333333333334,0.33333333333333326,0.3333333333333333,0.33333333333333337,7.014000894662208e-17,90
0.025655126571655272,0.0004712297130304358,0.004179477691650391,9.021539766094781e-05,1.0,8000,balanced,1,1.2915496650148827e-08,sigmoid,40000,"{'SVMS__C': 1.0, 'SVMS__cache_size': 8000, 'SVMS__class_weight': 'balanced', 'SVMS__coef0': 1, 'SVMS__gamma': 1.2915496650148827e-08, 'SVMS__kernel': 'sigmoid', 'SVMS__max_iter': 40000}",0.3333333333333334,0.3333333333333334,0.3333333333333334,0.33333333333333326,0.3333333333333333,0.33333333333333337,7.014000894662208e-17,90
0.02636098861694336,0.0006735516013749651,0.0042533397674560545,0.00023452800205916378,1.0,8000,balanced,1,1.668100537200059e-07,sigmoid,40000,"{'SVMS__C': 1.0, 'SVMS__cache_size': 8000, 'SVMS__class_weight': 'balanced', 'SVMS__coef0': 1, 'SVMS__gamma': 1.668100537200059e-07, 'SVMS__kernel': 'sigmoid', 'SVMS__max_iter': 40000}",0.3333333333333334,0.3333333333333334,0.3333333333333334,0.33333333333333326,0.3333333333333333,0.33333333333333337,7.014000894662208e-17,90
0.026616239547729494,0.0016676195080773354,0.004389286041259766,0.0003472057932871669,1.0,8000,balanced,1,2.1544346900318865e-06,sigmoid,40000,"{'SVMS__C': 1.0, 'SVMS__cache_size': 8000, 'SVMS__class_weight': 'balanced', 'SVMS__coef0': 1, 'SVMS__gamma': 2.1544346900318865e-06, 'SVMS__kernel': 'sigmoid', 'SVMS__max_iter': 40000}",0.3333333333333334,0.3333333333333334,0.3333333333333334,0.33333333333333326,0.3333333333333333,0.33333333333333337,7.014000894662208e-17,90
0.02614140510559082,0.0007179836862933281,0.004242134094238281,0.00018329234570701582,1.0,8000,balanced,1,2.782559402207126e-05,sigmoid,40000,"{'SVMS__C': 1.0, 'SVMS__cache_size': 8000, 'SVMS__class_weight': 'balanced', 'SVMS__coef0': 1, 'SVMS__gamma': 2.782559402207126e-05, 'SVMS__kernel': 'sigmoid', 'SVMS__max_iter': 40000}",0.3333333333333334,0.3333333333333334,0.3333333333333334,0.33333333333333326,0.3333333333333333,0.33333333333333337,7.014000894662208e-17,90
0.02634463310241699,0.0006547414642598539,0.004306221008300781,0.00014180054780439658,1.0,8000,balanced,1,0.00035938136638046257,sigmoid,40000,"{'SVMS__C': 1.0, 'SVMS__cache_size': 8000, 'SVMS__class_weight': 'balanced', 'SVMS__coef0': 1, 'SVMS__gamma': 0.00035938136638046257, 'SVMS__kernel': 'sigmoid', 'SVMS__max_iter': 40000}",0.3333333333333334,0.3333333333333334,0.3333333333333334,0.33333333333333326,0.3333333333333333,0.33333333333333337,7.014000894662208e-17,90
0.025145578384399413,0.0007892653151479294,0.004163312911987305,0.00011242131518129259,1.0,8000,balanced,1,0.004641588833612782,sigmoid,40000,"{'SVMS__C': 1.0, 'SVMS__cache_size': 8000, 'SVMS__class_weight': 'balanced', 'SVMS__coef0': 1, 'SVMS__gamma': 0.004641588833612782, 'SVMS__kernel': 'sigmoid', 'SVMS__max_iter': 40000}",0.4819381760871124,0.4308421090335985,0.5112740884017482,0.47517118521405105,0.523842992076305,0.4845559278988089,0.03237878562880163,14
0.022118568420410156,0.0011931773117141518,0.003788471221923828,0.00016583406463790572,1.0,8000,balanced,1,0.05994842503189421,sigmoid,40000,"{'SVMS__C': 1.0, 'SVMS__cache_size': 8000, 'SVMS__class_weight': 'balanced', 'SVMS__coef0': 1, 'SVMS__gamma': 0.05994842503189421, 'SVMS__kernel': 'sigmoid', 'SVMS__max_iter': 40000}",0.41896804928719833,0.39443190772978026,0.43452253026721127,0.46010317504499987,0.4430588802909684,0.4301340215438418,0.02228490820954229,34
0.02501254081726074,0.001081722475676924,0.004286670684814453,0.0002711856219288585,1.0,8000,balanced,1,0.7742636826811278,sigmoid,40000,"{'SVMS__C': 1.0, 'SVMS__cache_size': 8000, 'SVMS__class_weight': 'balanced', 'SVMS__coef0': 1, 'SVMS__gamma': 0.7742636826811278, 'SVMS__kernel': 'sigmoid', 'SVMS__max_iter': 40000}",0.30785693817608717,0.3737911025145069,0.3292409914750341,0.3300673606858542,0.3677721798511756,0.3417178811526442,0.025098971391293037,75
0.018354415893554688,0.0004344399732999659,0.003958702087402344,0.0003395115056559216,1.0,8000,balanced,1,10.0,sigmoid,40000,"{'SVMS__C': 1.0, 'SVMS__cache_size': 8000, 'SVMS__class_weight': 'balanced', 'SVMS__coef0': 1, 'SVMS__gamma': 10.0, 'SVMS__kernel': 'sigmoid', 'SVMS__max_iter': 40000}",0.3943065405831364,0.3887277025574899,0.38033705852854804,0.32684777969529955,0.434812763272653,0.3850225710513573,0.034500997446823355,56
